plant,msha_ids,district,prod_2025_t,msha_citations,msha_ss,msha_proposed_all_violators,msha_operator_proposed,msha_operator_current_assessed,msha_operator_paid,env_state_local_penalties,env_federal_penalties,sep_value,total_cash_penalties,total_incl_sep,operator_hours_2020_2026H1,price_ratio_2022,price_ratio_2021,est_revenue_central,est_revenue_low,est_revenue_high,share_cash_central_pct,share_cash_range_lo_pct,share_cash_range_hi_pct,share_incl_sep_central_pct,cash_per_t_per_yr,msha_op_per_t_per_yr,cash_per_200k_hrs,msha_prop_per_200k_hrs,msha_op_per_200k_hrs,sens_with_quarry_msha_op_current,sens_with_quarry_hrs
Lyons CO,0500344,Colorado and Wyoming,342134,396,58,573757,560444,556406,499698,2845675,0,616000,3402081,4018081,1438792,1.2610,1.2020,424174634,404221872,586708091,0.8020,0.5799,0.8416,0.9473,1.4731,0.2409,472907.9672,79755.3781,77343.4937,556406,1438792
Victorville CA,0400281+0405701,California,2625788,664,188,593207,532309,532309,469388,117000,0,0,649309,649309,4238761,0.9420,0.9370,2431517743,2417676796,3363216510,0.0267,0.0193,0.0269,0.0267,0.0366,0.0300,30636.7356,27989.6413,25116.2545,532309,4238761
Balcones (New Braunfels) TX,4102885,"Texas, southern",1602625,503,65,781272,740013,706886,640939,0,19633,0,726519,726519,2580893,1.0470,1.0060,1649583074,1585382790,2281663395,0.0440,0.0318,0.0458,0.0440,0.0672,0.0653,56299.8156,60542.7656,54778.4042,803964,4869354
Brooksville South FL,0801287+0800800,Florida,1114963,707,130,1718006,1701786,1167882,964441,12975,0,0,1180857,1180857,2548569,0.8910,0.9090,976321310,976321310,1350424013,0.1209,0.0874,0.1209,0.1209,0.1569,0.1552,92668.2621,134821.2507,91650.0436,1292337,4452652
Miami FL,0800046,Florida,862261,298,81,272375,248956,248956,248956,8000,0,0,256956,256956,2025745,0.8910,0.9090,755041906,755041906,1044355696,0.0340,0.0246,0.0340,0.0340,0.0441,0.0428,25369.0371,26891.3412,24579.2042,248956,2025745
Demopolis AL,0100016,"Alabama, Kentucky, Tennessee",690500,273,61,468248,463129,463129,463129,250000,0,0,713129,713129,1793235,1.0010,1.0280,679400913,679400913,939730904,0.1050,0.0759,0.1050,0.1050,0.1530,0.0994,79535.4764,52223.8301,51652.9066,463129,1793235
Knoxville TN,4000840,"Alabama, Kentucky, Tennessee",537186,275,55,133619,122225,100599,92424,12000,0,0,112599,112599,2044595,1.0010,1.0280,528551280,528551280,731079342,0.0213,0.0154,0.0213,0.0213,0.0311,0.0277,11014.3085,13070.4614,9840.4819,100599,2044595
Clinchfield GA,0900053,"Georgia, Maryland, Virginia, West Virginia",470964,365,90,527009,519118,506023,491057,0,0,0,506023,506023,2142863,0.9600,0.9370,444238022,433563478,614459283,0.1139,0.0824,0.1167,0.1139,0.1592,0.1592,47228.6842,49187.3722,47228.6842,506023,2142863
Ponce PR (supplementary; not in US segment),5400001,Puerto Rico (withheld; US avg used),309069,80,28,56498,54844,44307,40961,0,0,0,44307,44307,900864,1.0000,1.0000,303814827,303814827,420229318,0.0146,0.0105,0.0146,0.0146,0.0212,0.0212,9836.5569,12543.0698,9836.5569,44307,900864
