mine_id,mine_name,subunit_cd,subunit,cal_year,cal_quarter,avg_employees,hours_worked,source
0504415,Arcosa Boulder Plant #1604,03,"STRIP, QUARY, OPEN PIT",2000,1,36,21540,"MSHA open data MinesProdQuarterly.txt, downloaded 2026-09-30"
0504415,Arcosa Boulder Plant #1604,03,"STRIP, QUARY, OPEN PIT",2000,2,32,17280,"MSHA open data MinesProdQuarterly.txt, downloaded 2026-09-30"
0504415,Arcosa Boulder Plant #1604,03,"STRIP, QUARY, OPEN PIT",2000,3,33,17820,"MSHA open data MinesProdQuarterly.txt, downloaded 2026-09-30"
0504415,Arcosa Boulder Plant #1604,03,"STRIP, QUARY, OPEN PIT",2000,4,35,18900,"MSHA open data MinesProdQuarterly.txt, downloaded 2026-09-30"
0504415,Arcosa Boulder Plant #1604,03,"STRIP, QUARY, OPEN PIT",2001,1,35,10480,"MSHA open data MinesProdQuarterly.txt, downloaded 2026-09-30"
0504415,Arcosa Boulder Plant #1604,03,"STRIP, QUARY, OPEN PIT",2001,2,35,20280,"MSHA open data MinesProdQuarterly.txt, downloaded 2026-09-30"
0504415,Arcosa Boulder Plant #1604,03,"STRIP, QUARY, OPEN PIT",2001,3,35,18480,"MSHA open data MinesProdQuarterly.txt, downloaded 2026-09-30"
0504415,Arcosa Boulder Plant #1604,03,"STRIP, QUARY, OPEN PIT",2001,4,37,19536,"MSHA open data MinesProdQuarterly.txt, downloaded 2026-09-30"
0504415,Arcosa Boulder Plant #1604,03,"STRIP, QUARY, OPEN PIT",2002,1,35,18480,"MSHA open data MinesProdQuarterly.txt, downloaded 2026-09-30"
0504415,Arcosa Boulder Plant #1604,03,"STRIP, QUARY, OPEN PIT",2002,2,35,18480,"MSHA open data MinesProdQuarterly.txt, downloaded 2026-09-30"
0504415,Arcosa Boulder Plant #1604,03,"STRIP, QUARY, OPEN PIT",2002,3,35,18900,"MSHA open data MinesProdQuarterly.txt, downloaded 2026-09-30"
0504415,Arcosa Boulder Plant #1604,03,"STRIP, QUARY, OPEN PIT",2002,4,35,18480,"MSHA open data MinesProdQuarterly.txt, downloaded 2026-09-30"
0504415,Arcosa Boulder Plant #1604,03,"STRIP, QUARY, OPEN PIT",2003,1,35,18480,"MSHA open data MinesProdQuarterly.txt, downloaded 2026-09-30"
0504415,Arcosa Boulder Plant #1604,03,"STRIP, QUARY, OPEN PIT",2003,2,35,18480,"MSHA open data MinesProdQuarterly.txt, downloaded 2026-09-30"
0504415,Arcosa Boulder Plant #1604,03,"STRIP, QUARY, OPEN PIT",2003,3,36,19009,"MSHA open data MinesProdQuarterly.txt, downloaded 2026-09-30"
0504415,Arcosa Boulder Plant #1604,03,"STRIP, QUARY, OPEN PIT",2003,4,38,20520,"MSHA open data MinesProdQuarterly.txt, downloaded 2026-09-30"
0504415,Arcosa Boulder Plant #1604,03,"STRIP, QUARY, OPEN PIT",2004,1,39,19536,"MSHA open data MinesProdQuarterly.txt, downloaded 2026-09-30"
0504415,Arcosa Boulder Plant #1604,03,"STRIP, QUARY, OPEN PIT",2004,2,39,17160,"MSHA open data MinesProdQuarterly.txt, downloaded 2026-09-30"
0504415,Arcosa Boulder Plant #1604,03,"STRIP, QUARY, OPEN PIT",2004,3,37,17350,"MSHA open data MinesProdQuarterly.txt, downloaded 2026-09-30"
0504415,Arcosa Boulder Plant #1604,03,"STRIP, QUARY, OPEN PIT",2004,4,35,17158,"MSHA open data MinesProdQuarterly.txt, downloaded 2026-09-30"
0504415,Arcosa Boulder Plant #1604,03,"STRIP, QUARY, OPEN PIT",2005,1,36,16762,"MSHA open data MinesProdQuarterly.txt, downloaded 2026-09-30"
0504415,Arcosa Boulder Plant #1604,03,"STRIP, QUARY, OPEN PIT",2005,2,34,16225,"MSHA open data MinesProdQuarterly.txt, downloaded 2026-09-30"
0504415,Arcosa Boulder Plant #1604,03,"STRIP, QUARY, OPEN PIT",2005,3,34,18607,"MSHA open data MinesProdQuarterly.txt, downloaded 2026-09-30"
0504415,Arcosa Boulder Plant #1604,03,"STRIP, QUARY, OPEN PIT",2005,4,34,16895,"MSHA open data MinesProdQuarterly.txt, downloaded 2026-09-30"
0504415,Arcosa Boulder Plant #1604,03,"STRIP, QUARY, OPEN PIT",2006,1,33,12824,"MSHA open data MinesProdQuarterly.txt, downloaded 2026-09-30"
0504415,Arcosa Boulder Plant #1604,03,"STRIP, QUARY, OPEN PIT",2006,2,36,19271,"MSHA open data MinesProdQuarterly.txt, downloaded 2026-09-30"
0504415,Arcosa Boulder Plant #1604,03,"STRIP, QUARY, OPEN PIT",2006,3,41,18528,"MSHA open data MinesProdQuarterly.txt, downloaded 2026-09-30"
0504415,Arcosa Boulder Plant #1604,03,"STRIP, QUARY, OPEN PIT",2006,4,36,18382,"MSHA open data MinesProdQuarterly.txt, downloaded 2026-09-30"
0504415,Arcosa Boulder Plant #1604,03,"STRIP, QUARY, OPEN PIT",2007,1,34,18892,"MSHA open data MinesProdQuarterly.txt, downloaded 2026-09-30"
0504415,Arcosa Boulder Plant #1604,03,"STRIP, QUARY, OPEN PIT",2007,2,34,18996,"MSHA open data MinesProdQuarterly.txt, downloaded 2026-09-30"
0504415,Arcosa Boulder Plant #1604,03,"STRIP, QUARY, OPEN PIT",2007,3,34,6331,"MSHA open data MinesProdQuarterly.txt, downloaded 2026-09-30"
0504415,Arcosa Boulder Plant #1604,03,"STRIP, QUARY, OPEN PIT",2007,4,33,17911,"MSHA open data MinesProdQuarterly.txt, downloaded 2026-09-30"
0504415,Arcosa Boulder Plant #1604,03,"STRIP, QUARY, OPEN PIT",2008,1,35,18881,"MSHA open data MinesProdQuarterly.txt, downloaded 2026-09-30"
0504415,Arcosa Boulder Plant #1604,03,"STRIP, QUARY, OPEN PIT",2008,2,34,19893,"MSHA open data MinesProdQuarterly.txt, downloaded 2026-09-30"
0504415,Arcosa Boulder Plant #1604,03,"STRIP, QUARY, OPEN PIT",2008,3,36,19470,"MSHA open data MinesProdQuarterly.txt, downloaded 2026-09-30"
0504415,Arcosa Boulder Plant #1604,03,"STRIP, QUARY, OPEN PIT",2008,4,35,16308,"MSHA open data MinesProdQuarterly.txt, downloaded 2026-09-30"
0504415,Arcosa Boulder Plant #1604,03,"STRIP, QUARY, OPEN PIT",2009,1,34,15628,"MSHA open data MinesProdQuarterly.txt, downloaded 2026-09-30"
0504415,Arcosa Boulder Plant #1604,03,"STRIP, QUARY, OPEN PIT",2009,2,34,15841,"MSHA open data MinesProdQuarterly.txt, downloaded 2026-09-30"
0504415,Arcosa Boulder Plant #1604,03,"STRIP, QUARY, OPEN PIT",2009,3,32,14560,"MSHA open data MinesProdQuarterly.txt, downloaded 2026-09-30"
0504415,Arcosa Boulder Plant #1604,03,"STRIP, QUARY, OPEN PIT",2009,4,30,13423,"MSHA open data MinesProdQuarterly.txt, downloaded 2026-09-30"
0504415,Arcosa Boulder Plant #1604,03,"STRIP, QUARY, OPEN PIT",2010,1,30,12033,"MSHA open data MinesProdQuarterly.txt, downloaded 2026-09-30"
0504415,Arcosa Boulder Plant #1604,03,"STRIP, QUARY, OPEN PIT",2010,2,29,13070,"MSHA open data MinesProdQuarterly.txt, downloaded 2026-09-30"
0504415,Arcosa Boulder Plant #1604,03,"STRIP, QUARY, OPEN PIT",2010,3,22,11814,"MSHA open data MinesProdQuarterly.txt, downloaded 2026-09-30"
0504415,Arcosa Boulder Plant #1604,03,"STRIP, QUARY, OPEN PIT",2010,4,22,10180,"MSHA open data MinesProdQuarterly.txt, downloaded 2026-09-30"
0504415,Arcosa Boulder Plant #1604,03,"STRIP, QUARY, OPEN PIT",2011,1,21,10823,"MSHA open data MinesProdQuarterly.txt, downloaded 2026-09-30"
0504415,Arcosa Boulder Plant #1604,03,"STRIP, QUARY, OPEN PIT",2011,2,20,10252,"MSHA open data MinesProdQuarterly.txt, downloaded 2026-09-30"
0504415,Arcosa Boulder Plant #1604,03,"STRIP, QUARY, OPEN PIT",2011,3,19,10314,"MSHA open data MinesProdQuarterly.txt, downloaded 2026-09-30"
0504415,Arcosa Boulder Plant #1604,03,"STRIP, QUARY, OPEN PIT",2011,4,18,9426,"MSHA open data MinesProdQuarterly.txt, downloaded 2026-09-30"
0504415,Arcosa Boulder Plant #1604,03,"STRIP, QUARY, OPEN PIT",2012,1,19,10109,"MSHA open data MinesProdQuarterly.txt, downloaded 2026-09-30"
0504415,Arcosa Boulder Plant #1604,03,"STRIP, QUARY, OPEN PIT",2012,2,21,10960,"MSHA open data MinesProdQuarterly.txt, downloaded 2026-09-30"
0504415,Arcosa Boulder Plant #1604,03,"STRIP, QUARY, OPEN PIT",2012,3,21,11379,"MSHA open data MinesProdQuarterly.txt, downloaded 2026-09-30"
0504415,Arcosa Boulder Plant #1604,03,"STRIP, QUARY, OPEN PIT",2012,4,21,10859,"MSHA open data MinesProdQuarterly.txt, downloaded 2026-09-30"
0504415,Arcosa Boulder Plant #1604,03,"STRIP, QUARY, OPEN PIT",2013,1,20,9789,"MSHA open data MinesProdQuarterly.txt, downloaded 2026-09-30"
0504415,Arcosa Boulder Plant #1604,03,"STRIP, QUARY, OPEN PIT",2013,2,21,11521,"MSHA open data MinesProdQuarterly.txt, downloaded 2026-09-30"
0504415,Arcosa Boulder Plant #1604,03,"STRIP, QUARY, OPEN PIT",2013,3,24,13744,"MSHA open data MinesProdQuarterly.txt, downloaded 2026-09-30"
0504415,Arcosa Boulder Plant #1604,03,"STRIP, QUARY, OPEN PIT",2013,4,22,13190,"MSHA open data MinesProdQuarterly.txt, downloaded 2026-09-30"
0504415,Arcosa Boulder Plant #1604,03,"STRIP, QUARY, OPEN PIT",2014,1,22,12795,"MSHA open data MinesProdQuarterly.txt, downloaded 2026-09-30"
0504415,Arcosa Boulder Plant #1604,03,"STRIP, QUARY, OPEN PIT",2014,2,20,11611,"MSHA open data MinesProdQuarterly.txt, downloaded 2026-09-30"
0504415,Arcosa Boulder Plant #1604,03,"STRIP, QUARY, OPEN PIT",2014,3,19,7687,"MSHA open data MinesProdQuarterly.txt, downloaded 2026-09-30"
0504415,Arcosa Boulder Plant #1604,03,"STRIP, QUARY, OPEN PIT",2014,4,22,13179,"MSHA open data MinesProdQuarterly.txt, downloaded 2026-09-30"
0504415,Arcosa Boulder Plant #1604,03,"STRIP, QUARY, OPEN PIT",2015,1,23,12525,"MSHA open data MinesProdQuarterly.txt, downloaded 2026-09-30"
0504415,Arcosa Boulder Plant #1604,03,"STRIP, QUARY, OPEN PIT",2015,2,23,14228,"MSHA open data MinesProdQuarterly.txt, downloaded 2026-09-30"
0504415,Arcosa Boulder Plant #1604,03,"STRIP, QUARY, OPEN PIT",2015,3,23,13974,"MSHA open data MinesProdQuarterly.txt, downloaded 2026-09-30"
0504415,Arcosa Boulder Plant #1604,03,"STRIP, QUARY, OPEN PIT",2015,4,22,13136,"MSHA open data MinesProdQuarterly.txt, downloaded 2026-09-30"
0504415,Arcosa Boulder Plant #1604,03,"STRIP, QUARY, OPEN PIT",2016,1,22,12737,"MSHA open data MinesProdQuarterly.txt, downloaded 2026-09-30"
0504415,Arcosa Boulder Plant #1604,03,"STRIP, QUARY, OPEN PIT",2016,2,21,11894,"MSHA open data MinesProdQuarterly.txt, downloaded 2026-09-30"
0504415,Arcosa Boulder Plant #1604,03,"STRIP, QUARY, OPEN PIT",2016,3,19,11205,"MSHA open data MinesProdQuarterly.txt, downloaded 2026-09-30"
0504415,Arcosa Boulder Plant #1604,03,"STRIP, QUARY, OPEN PIT",2016,4,21,11230,"MSHA open data MinesProdQuarterly.txt, downloaded 2026-09-30"
0504415,Arcosa Boulder Plant #1604,03,"STRIP, QUARY, OPEN PIT",2017,1,22,12425,"MSHA open data MinesProdQuarterly.txt, downloaded 2026-09-30"
0504415,Arcosa Boulder Plant #1604,03,"STRIP, QUARY, OPEN PIT",2017,2,23,12587,"MSHA open data MinesProdQuarterly.txt, downloaded 2026-09-30"
0504415,Arcosa Boulder Plant #1604,03,"STRIP, QUARY, OPEN PIT",2017,3,22,14329,"MSHA open data MinesProdQuarterly.txt, downloaded 2026-09-30"
0504415,Arcosa Boulder Plant #1604,03,"STRIP, QUARY, OPEN PIT",2017,4,21,11719,"MSHA open data MinesProdQuarterly.txt, downloaded 2026-09-30"
0504415,Arcosa Boulder Plant #1604,03,"STRIP, QUARY, OPEN PIT",2018,1,26,12510,"MSHA open data MinesProdQuarterly.txt, downloaded 2026-09-30"
0504415,Arcosa Boulder Plant #1604,03,"STRIP, QUARY, OPEN PIT",2018,2,28,11062,"MSHA open data MinesProdQuarterly.txt, downloaded 2026-09-30"
0504415,Arcosa Boulder Plant #1604,03,"STRIP, QUARY, OPEN PIT",2018,3,23,11153,"MSHA open data MinesProdQuarterly.txt, downloaded 2026-09-30"
0504415,Arcosa Boulder Plant #1604,03,"STRIP, QUARY, OPEN PIT",2018,4,25,11541,"MSHA open data MinesProdQuarterly.txt, downloaded 2026-09-30"
0504415,Arcosa Boulder Plant #1604,03,"STRIP, QUARY, OPEN PIT",2019,1,27,12542,"MSHA open data MinesProdQuarterly.txt, downloaded 2026-09-30"
0504415,Arcosa Boulder Plant #1604,03,"STRIP, QUARY, OPEN PIT",2019,2,26,11700,"MSHA open data MinesProdQuarterly.txt, downloaded 2026-09-30"
0504415,Arcosa Boulder Plant #1604,03,"STRIP, QUARY, OPEN PIT",2019,3,22,11328,"MSHA open data MinesProdQuarterly.txt, downloaded 2026-09-30"
0504415,Arcosa Boulder Plant #1604,03,"STRIP, QUARY, OPEN PIT",2019,4,20,11810,"MSHA open data MinesProdQuarterly.txt, downloaded 2026-09-30"
0504415,Arcosa Boulder Plant #1604,03,"STRIP, QUARY, OPEN PIT",2020,1,16,9361,"MSHA open data MinesProdQuarterly.txt, downloaded 2026-09-30"
0504415,Arcosa Boulder Plant #1604,03,"STRIP, QUARY, OPEN PIT",2020,2,16,9500,"MSHA open data MinesProdQuarterly.txt, downloaded 2026-09-30"
0504415,Arcosa Boulder Plant #1604,03,"STRIP, QUARY, OPEN PIT",2020,3,18,10596,"MSHA open data MinesProdQuarterly.txt, downloaded 2026-09-30"
0504415,Arcosa Boulder Plant #1604,03,"STRIP, QUARY, OPEN PIT",2020,4,22,11791,"MSHA open data MinesProdQuarterly.txt, downloaded 2026-09-30"
0504415,Arcosa Boulder Plant #1604,03,"STRIP, QUARY, OPEN PIT",2021,1,22,13163,"MSHA open data MinesProdQuarterly.txt, downloaded 2026-09-30"
0504415,Arcosa Boulder Plant #1604,03,"STRIP, QUARY, OPEN PIT",2021,2,22,10881,"MSHA open data MinesProdQuarterly.txt, downloaded 2026-09-30"
0504415,Arcosa Boulder Plant #1604,03,"STRIP, QUARY, OPEN PIT",2021,3,21,12114,"MSHA open data MinesProdQuarterly.txt, downloaded 2026-09-30"
0504415,Arcosa Boulder Plant #1604,03,"STRIP, QUARY, OPEN PIT",2021,4,20,11954,"MSHA open data MinesProdQuarterly.txt, downloaded 2026-09-30"
0504415,Arcosa Boulder Plant #1604,03,"STRIP, QUARY, OPEN PIT",2022,1,18,6615,"MSHA open data MinesProdQuarterly.txt, downloaded 2026-09-30"
0504415,Arcosa Boulder Plant #1604,03,"STRIP, QUARY, OPEN PIT",2022,2,19,8873,"MSHA open data MinesProdQuarterly.txt, downloaded 2026-09-30"
0504415,Arcosa Boulder Plant #1604,03,"STRIP, QUARY, OPEN PIT",2022,3,19,10061,"MSHA open data MinesProdQuarterly.txt, downloaded 2026-09-30"
0504415,Arcosa Boulder Plant #1604,03,"STRIP, QUARY, OPEN PIT",2022,4,22,13412,"MSHA open data MinesProdQuarterly.txt, downloaded 2026-09-30"
0504415,Arcosa Boulder Plant #1604,03,"STRIP, QUARY, OPEN PIT",2023,1,21,14478,"MSHA open data MinesProdQuarterly.txt, downloaded 2026-09-30"
0504415,Arcosa Boulder Plant #1604,03,"STRIP, QUARY, OPEN PIT",2023,2,30,15057,"MSHA open data MinesProdQuarterly.txt, downloaded 2026-09-30"
0504415,Arcosa Boulder Plant #1604,03,"STRIP, QUARY, OPEN PIT",2023,3,31,17331,"MSHA open data MinesProdQuarterly.txt, downloaded 2026-09-30"
0504415,Arcosa Boulder Plant #1604,03,"STRIP, QUARY, OPEN PIT",2023,4,30,18205,"MSHA open data MinesProdQuarterly.txt, downloaded 2026-09-30"
0504415,Arcosa Boulder Plant #1604,03,"STRIP, QUARY, OPEN PIT",2024,1,29,17052,"MSHA open data MinesProdQuarterly.txt, downloaded 2026-09-30"
0504415,Arcosa Boulder Plant #1604,03,"STRIP, QUARY, OPEN PIT",2024,2,33,18949,"MSHA open data MinesProdQuarterly.txt, downloaded 2026-09-30"
0504415,Arcosa Boulder Plant #1604,03,"STRIP, QUARY, OPEN PIT",2024,3,30,19054,"MSHA open data MinesProdQuarterly.txt, downloaded 2026-09-30"
0504415,Arcosa Boulder Plant #1604,03,"STRIP, QUARY, OPEN PIT",2024,4,29,16016,"MSHA open data MinesProdQuarterly.txt, downloaded 2026-09-30"
0504415,Arcosa Boulder Plant #1604,03,"STRIP, QUARY, OPEN PIT",2025,1,22,13706,"MSHA open data MinesProdQuarterly.txt, downloaded 2026-09-30"
0504415,Arcosa Boulder Plant #1604,03,"STRIP, QUARY, OPEN PIT",2025,2,21,12937,"MSHA open data MinesProdQuarterly.txt, downloaded 2026-09-30"
0504415,Arcosa Boulder Plant #1604,03,"STRIP, QUARY, OPEN PIT",2025,3,19,12336,"MSHA open data MinesProdQuarterly.txt, downloaded 2026-09-30"
0504415,Arcosa Boulder Plant #1604,03,"STRIP, QUARY, OPEN PIT",2025,4,20,13695,"MSHA open data MinesProdQuarterly.txt, downloaded 2026-09-30"
0504415,Arcosa Boulder Plant #1604,03,"STRIP, QUARY, OPEN PIT",2026,1,20,4921,"MSHA open data MinesProdQuarterly.txt, downloaded 2026-09-30"
0504415,Arcosa Boulder Plant #1604,03,"STRIP, QUARY, OPEN PIT",2026,2,3,1814,"MSHA open data MinesProdQuarterly.txt, downloaded 2026-09-30"
0504415,Arcosa Boulder Plant #1604,99,OFFICE WORKERS AT MINE SITE,2000,1,6,3252,"MSHA open data MinesProdQuarterly.txt, downloaded 2026-09-30"
0504415,Arcosa Boulder Plant #1604,99,OFFICE WORKERS AT MINE SITE,2000,2,5,2640,"MSHA open data MinesProdQuarterly.txt, downloaded 2026-09-30"
0504415,Arcosa Boulder Plant #1604,99,OFFICE WORKERS AT MINE SITE,2000,3,5,2640,"MSHA open data MinesProdQuarterly.txt, downloaded 2026-09-30"
0504415,Arcosa Boulder Plant #1604,99,OFFICE WORKERS AT MINE SITE,2000,4,5,2640,"MSHA open data MinesProdQuarterly.txt, downloaded 2026-09-30"
0504415,Arcosa Boulder Plant #1604,99,OFFICE WORKERS AT MINE SITE,2001,1,6,3120,"MSHA open data MinesProdQuarterly.txt, downloaded 2026-09-30"
0504415,Arcosa Boulder Plant #1604,99,OFFICE WORKERS AT MINE SITE,2001,2,7,3696,"MSHA open data MinesProdQuarterly.txt, downloaded 2026-09-30"
0504415,Arcosa Boulder Plant #1604,99,OFFICE WORKERS AT MINE SITE,2001,3,7,3696,"MSHA open data MinesProdQuarterly.txt, downloaded 2026-09-30"
0504415,Arcosa Boulder Plant #1604,99,OFFICE WORKERS AT MINE SITE,2001,4,5,2640,"MSHA open data MinesProdQuarterly.txt, downloaded 2026-09-30"
0504415,Arcosa Boulder Plant #1604,99,OFFICE WORKERS AT MINE SITE,2002,1,9,4752,"MSHA open data MinesProdQuarterly.txt, downloaded 2026-09-30"
0504415,Arcosa Boulder Plant #1604,99,OFFICE WORKERS AT MINE SITE,2002,2,8,4224,"MSHA open data MinesProdQuarterly.txt, downloaded 2026-09-30"
0504415,Arcosa Boulder Plant #1604,99,OFFICE WORKERS AT MINE SITE,2002,3,6,3159,"MSHA open data MinesProdQuarterly.txt, downloaded 2026-09-30"
0504415,Arcosa Boulder Plant #1604,99,OFFICE WORKERS AT MINE SITE,2002,4,7,3696,"MSHA open data MinesProdQuarterly.txt, downloaded 2026-09-30"
0504415,Arcosa Boulder Plant #1604,99,OFFICE WORKERS AT MINE SITE,2003,1,7,3696,"MSHA open data MinesProdQuarterly.txt, downloaded 2026-09-30"
0504415,Arcosa Boulder Plant #1604,99,OFFICE WORKERS AT MINE SITE,2003,2,8,4224,"MSHA open data MinesProdQuarterly.txt, downloaded 2026-09-30"
0504415,Arcosa Boulder Plant #1604,99,OFFICE WORKERS AT MINE SITE,2003,3,9,4752,"MSHA open data MinesProdQuarterly.txt, downloaded 2026-09-30"
0504415,Arcosa Boulder Plant #1604,99,OFFICE WORKERS AT MINE SITE,2003,4,7,3696,"MSHA open data MinesProdQuarterly.txt, downloaded 2026-09-30"
0504415,Arcosa Boulder Plant #1604,99,OFFICE WORKERS AT MINE SITE,2004,1,9,4752,"MSHA open data MinesProdQuarterly.txt, downloaded 2026-09-30"
0504415,Arcosa Boulder Plant #1604,99,OFFICE WORKERS AT MINE SITE,2004,2,9,4752,"MSHA open data MinesProdQuarterly.txt, downloaded 2026-09-30"
0504415,Arcosa Boulder Plant #1604,99,OFFICE WORKERS AT MINE SITE,2004,3,9,4680,"MSHA open data MinesProdQuarterly.txt, downloaded 2026-09-30"
0504415,Arcosa Boulder Plant #1604,99,OFFICE WORKERS AT MINE SITE,2004,4,8,4024,"MSHA open data MinesProdQuarterly.txt, downloaded 2026-09-30"
0504415,Arcosa Boulder Plant #1604,99,OFFICE WORKERS AT MINE SITE,2005,1,9,4720,"MSHA open data MinesProdQuarterly.txt, downloaded 2026-09-30"
0504415,Arcosa Boulder Plant #1604,99,OFFICE WORKERS AT MINE SITE,2005,2,10,2008,"MSHA open data MinesProdQuarterly.txt, downloaded 2026-09-30"
0504415,Arcosa Boulder Plant #1604,99,OFFICE WORKERS AT MINE SITE,2005,3,9,4188,"MSHA open data MinesProdQuarterly.txt, downloaded 2026-09-30"
0504415,Arcosa Boulder Plant #1604,99,OFFICE WORKERS AT MINE SITE,2005,4,10,4392,"MSHA open data MinesProdQuarterly.txt, downloaded 2026-09-30"
0504415,Arcosa Boulder Plant #1604,99,OFFICE WORKERS AT MINE SITE,2006,1,10,4408,"MSHA open data MinesProdQuarterly.txt, downloaded 2026-09-30"
0504415,Arcosa Boulder Plant #1604,99,OFFICE WORKERS AT MINE SITE,2006,2,10,5502,"MSHA open data MinesProdQuarterly.txt, downloaded 2026-09-30"
0504415,Arcosa Boulder Plant #1604,99,OFFICE WORKERS AT MINE SITE,2006,3,10,5467,"MSHA open data MinesProdQuarterly.txt, downloaded 2026-09-30"
0504415,Arcosa Boulder Plant #1604,99,OFFICE WORKERS AT MINE SITE,2006,4,10,4806,"MSHA open data MinesProdQuarterly.txt, downloaded 2026-09-30"
0504415,Arcosa Boulder Plant #1604,99,OFFICE WORKERS AT MINE SITE,2007,1,10,3944,"MSHA open data MinesProdQuarterly.txt, downloaded 2026-09-30"
0504415,Arcosa Boulder Plant #1604,99,OFFICE WORKERS AT MINE SITE,2007,2,9,3614,"MSHA open data MinesProdQuarterly.txt, downloaded 2026-09-30"
0504415,Arcosa Boulder Plant #1604,99,OFFICE WORKERS AT MINE SITE,2007,3,10,1057,"MSHA open data MinesProdQuarterly.txt, downloaded 2026-09-30"
0504415,Arcosa Boulder Plant #1604,99,OFFICE WORKERS AT MINE SITE,2007,4,9,3020,"MSHA open data MinesProdQuarterly.txt, downloaded 2026-09-30"
0504415,Arcosa Boulder Plant #1604,99,OFFICE WORKERS AT MINE SITE,2008,1,9,3647,"MSHA open data MinesProdQuarterly.txt, downloaded 2026-09-30"
0504415,Arcosa Boulder Plant #1604,99,OFFICE WORKERS AT MINE SITE,2008,2,9,3451,"MSHA open data MinesProdQuarterly.txt, downloaded 2026-09-30"
0504415,Arcosa Boulder Plant #1604,99,OFFICE WORKERS AT MINE SITE,2008,3,10,3429,"MSHA open data MinesProdQuarterly.txt, downloaded 2026-09-30"
0504415,Arcosa Boulder Plant #1604,99,OFFICE WORKERS AT MINE SITE,2008,4,9,3690,"MSHA open data MinesProdQuarterly.txt, downloaded 2026-09-30"
0504415,Arcosa Boulder Plant #1604,99,OFFICE WORKERS AT MINE SITE,2009,1,10,3393,"MSHA open data MinesProdQuarterly.txt, downloaded 2026-09-30"
0504415,Arcosa Boulder Plant #1604,99,OFFICE WORKERS AT MINE SITE,2009,2,9,3190,"MSHA open data MinesProdQuarterly.txt, downloaded 2026-09-30"
0504415,Arcosa Boulder Plant #1604,99,OFFICE WORKERS AT MINE SITE,2009,3,9,3248,"MSHA open data MinesProdQuarterly.txt, downloaded 2026-09-30"
0504415,Arcosa Boulder Plant #1604,99,OFFICE WORKERS AT MINE SITE,2009,4,10,2953,"MSHA open data MinesProdQuarterly.txt, downloaded 2026-09-30"
0504415,Arcosa Boulder Plant #1604,99,OFFICE WORKERS AT MINE SITE,2010,1,9,3495,"MSHA open data MinesProdQuarterly.txt, downloaded 2026-09-30"
0504415,Arcosa Boulder Plant #1604,99,OFFICE WORKERS AT MINE SITE,2010,2,9,3281,"MSHA open data MinesProdQuarterly.txt, downloaded 2026-09-30"
0504415,Arcosa Boulder Plant #1604,99,OFFICE WORKERS AT MINE SITE,2010,3,10,3119,"MSHA open data MinesProdQuarterly.txt, downloaded 2026-09-30"
0504415,Arcosa Boulder Plant #1604,99,OFFICE WORKERS AT MINE SITE,2010,4,11,3306,"MSHA open data MinesProdQuarterly.txt, downloaded 2026-09-30"
0504415,Arcosa Boulder Plant #1604,99,OFFICE WORKERS AT MINE SITE,2011,1,11,3598,"MSHA open data MinesProdQuarterly.txt, downloaded 2026-09-30"
0504415,Arcosa Boulder Plant #1604,99,OFFICE WORKERS AT MINE SITE,2011,2,10,3026,"MSHA open data MinesProdQuarterly.txt, downloaded 2026-09-30"
0504415,Arcosa Boulder Plant #1604,99,OFFICE WORKERS AT MINE SITE,2011,3,10,1383,"MSHA open data MinesProdQuarterly.txt, downloaded 2026-09-30"
0504415,Arcosa Boulder Plant #1604,99,OFFICE WORKERS AT MINE SITE,2011,4,11,3377,"MSHA open data MinesProdQuarterly.txt, downloaded 2026-09-30"
0504415,Arcosa Boulder Plant #1604,99,OFFICE WORKERS AT MINE SITE,2012,1,10,3645,"MSHA open data MinesProdQuarterly.txt, downloaded 2026-09-30"
0504415,Arcosa Boulder Plant #1604,99,OFFICE WORKERS AT MINE SITE,2012,2,10,3226,"MSHA open data MinesProdQuarterly.txt, downloaded 2026-09-30"
0504415,Arcosa Boulder Plant #1604,99,OFFICE WORKERS AT MINE SITE,2012,3,10,3191,"MSHA open data MinesProdQuarterly.txt, downloaded 2026-09-30"
0504415,Arcosa Boulder Plant #1604,99,OFFICE WORKERS AT MINE SITE,2012,4,10,3203,"MSHA open data MinesProdQuarterly.txt, downloaded 2026-09-30"
0504415,Arcosa Boulder Plant #1604,99,OFFICE WORKERS AT MINE SITE,2013,1,10,3744,"MSHA open data MinesProdQuarterly.txt, downloaded 2026-09-30"
0504415,Arcosa Boulder Plant #1604,99,OFFICE WORKERS AT MINE SITE,2013,2,8,2806,"MSHA open data MinesProdQuarterly.txt, downloaded 2026-09-30"
0504415,Arcosa Boulder Plant #1604,99,OFFICE WORKERS AT MINE SITE,2013,3,8,2999,"MSHA open data MinesProdQuarterly.txt, downloaded 2026-09-30"
0504415,Arcosa Boulder Plant #1604,99,OFFICE WORKERS AT MINE SITE,2013,4,8,2761,"MSHA open data MinesProdQuarterly.txt, downloaded 2026-09-30"
0504415,Arcosa Boulder Plant #1604,99,OFFICE WORKERS AT MINE SITE,2014,1,8,3231,"MSHA open data MinesProdQuarterly.txt, downloaded 2026-09-30"
0504415,Arcosa Boulder Plant #1604,99,OFFICE WORKERS AT MINE SITE,2014,2,7,2846,"MSHA open data MinesProdQuarterly.txt, downloaded 2026-09-30"
0504415,Arcosa Boulder Plant #1604,99,OFFICE WORKERS AT MINE SITE,2014,3,7,2711,"MSHA open data MinesProdQuarterly.txt, downloaded 2026-09-30"
0504415,Arcosa Boulder Plant #1604,99,OFFICE WORKERS AT MINE SITE,2014,4,7,2603,"MSHA open data MinesProdQuarterly.txt, downloaded 2026-09-30"
0504415,Arcosa Boulder Plant #1604,99,OFFICE WORKERS AT MINE SITE,2015,1,7,2725,"MSHA open data MinesProdQuarterly.txt, downloaded 2026-09-30"
0504415,Arcosa Boulder Plant #1604,99,OFFICE WORKERS AT MINE SITE,2015,2,7,2762,"MSHA open data MinesProdQuarterly.txt, downloaded 2026-09-30"
0504415,Arcosa Boulder Plant #1604,99,OFFICE WORKERS AT MINE SITE,2015,3,7,2858,"MSHA open data MinesProdQuarterly.txt, downloaded 2026-09-30"
0504415,Arcosa Boulder Plant #1604,99,OFFICE WORKERS AT MINE SITE,2015,4,7,2407,"MSHA open data MinesProdQuarterly.txt, downloaded 2026-09-30"
0504415,Arcosa Boulder Plant #1604,99,OFFICE WORKERS AT MINE SITE,2016,1,6,1575,"MSHA open data MinesProdQuarterly.txt, downloaded 2026-09-30"
0504415,Arcosa Boulder Plant #1604,99,OFFICE WORKERS AT MINE SITE,2016,2,5,1475,"MSHA open data MinesProdQuarterly.txt, downloaded 2026-09-30"
0504415,Arcosa Boulder Plant #1604,99,OFFICE WORKERS AT MINE SITE,2016,3,5,1702,"MSHA open data MinesProdQuarterly.txt, downloaded 2026-09-30"
0504415,Arcosa Boulder Plant #1604,99,OFFICE WORKERS AT MINE SITE,2016,4,7,2506,"MSHA open data MinesProdQuarterly.txt, downloaded 2026-09-30"
0504415,Arcosa Boulder Plant #1604,99,OFFICE WORKERS AT MINE SITE,2017,1,7,2869,"MSHA open data MinesProdQuarterly.txt, downloaded 2026-09-30"
0504415,Arcosa Boulder Plant #1604,99,OFFICE WORKERS AT MINE SITE,2017,2,7,2472,"MSHA open data MinesProdQuarterly.txt, downloaded 2026-09-30"
0504415,Arcosa Boulder Plant #1604,99,OFFICE WORKERS AT MINE SITE,2017,3,7,3640,"MSHA open data MinesProdQuarterly.txt, downloaded 2026-09-30"
0504415,Arcosa Boulder Plant #1604,99,OFFICE WORKERS AT MINE SITE,2017,4,5,2600,"MSHA open data MinesProdQuarterly.txt, downloaded 2026-09-30"
0504415,Arcosa Boulder Plant #1604,99,OFFICE WORKERS AT MINE SITE,2018,1,3,1560,"MSHA open data MinesProdQuarterly.txt, downloaded 2026-09-30"
0504415,Arcosa Boulder Plant #1604,99,OFFICE WORKERS AT MINE SITE,2018,2,5,2461,"MSHA open data MinesProdQuarterly.txt, downloaded 2026-09-30"
0504415,Arcosa Boulder Plant #1604,99,OFFICE WORKERS AT MINE SITE,2018,3,6,2736,"MSHA open data MinesProdQuarterly.txt, downloaded 2026-09-30"
0504415,Arcosa Boulder Plant #1604,99,OFFICE WORKERS AT MINE SITE,2018,4,5,2590,"MSHA open data MinesProdQuarterly.txt, downloaded 2026-09-30"
0504415,Arcosa Boulder Plant #1604,99,OFFICE WORKERS AT MINE SITE,2019,1,5,2604,"MSHA open data MinesProdQuarterly.txt, downloaded 2026-09-30"
0504415,Arcosa Boulder Plant #1604,99,OFFICE WORKERS AT MINE SITE,2019,2,4,2118,"MSHA open data MinesProdQuarterly.txt, downloaded 2026-09-30"
0504415,Arcosa Boulder Plant #1604,99,OFFICE WORKERS AT MINE SITE,2019,3,4,2140,"MSHA open data MinesProdQuarterly.txt, downloaded 2026-09-30"
0504415,Arcosa Boulder Plant #1604,99,OFFICE WORKERS AT MINE SITE,2019,4,4,2166,"MSHA open data MinesProdQuarterly.txt, downloaded 2026-09-30"
0504415,Arcosa Boulder Plant #1604,99,OFFICE WORKERS AT MINE SITE,2020,1,5,2280,"MSHA open data MinesProdQuarterly.txt, downloaded 2026-09-30"
0504415,Arcosa Boulder Plant #1604,99,OFFICE WORKERS AT MINE SITE,2020,2,5,2208,"MSHA open data MinesProdQuarterly.txt, downloaded 2026-09-30"
0504415,Arcosa Boulder Plant #1604,99,OFFICE WORKERS AT MINE SITE,2020,3,5,2205,"MSHA open data MinesProdQuarterly.txt, downloaded 2026-09-30"
0504415,Arcosa Boulder Plant #1604,99,OFFICE WORKERS AT MINE SITE,2020,4,5,2200,"MSHA open data MinesProdQuarterly.txt, downloaded 2026-09-30"
0504415,Arcosa Boulder Plant #1604,99,OFFICE WORKERS AT MINE SITE,2021,1,5,2400,"MSHA open data MinesProdQuarterly.txt, downloaded 2026-09-30"
0504415,Arcosa Boulder Plant #1604,99,OFFICE WORKERS AT MINE SITE,2021,2,5,1050,"MSHA open data MinesProdQuarterly.txt, downloaded 2026-09-30"
0504415,Arcosa Boulder Plant #1604,99,OFFICE WORKERS AT MINE SITE,2021,3,9,3459,"MSHA open data MinesProdQuarterly.txt, downloaded 2026-09-30"
0504415,Arcosa Boulder Plant #1604,99,OFFICE WORKERS AT MINE SITE,2021,4,8,2548,"MSHA open data MinesProdQuarterly.txt, downloaded 2026-09-30"
0504415,Arcosa Boulder Plant #1604,99,OFFICE WORKERS AT MINE SITE,2022,1,5,2632,"MSHA open data MinesProdQuarterly.txt, downloaded 2026-09-30"
0504415,Arcosa Boulder Plant #1604,99,OFFICE WORKERS AT MINE SITE,2022,2,5,3590,"MSHA open data MinesProdQuarterly.txt, downloaded 2026-09-30"
0504415,Arcosa Boulder Plant #1604,99,OFFICE WORKERS AT MINE SITE,2022,3,7,3655,"MSHA open data MinesProdQuarterly.txt, downloaded 2026-09-30"
0504415,Arcosa Boulder Plant #1604,99,OFFICE WORKERS AT MINE SITE,2022,4,6,2055,"MSHA open data MinesProdQuarterly.txt, downloaded 2026-09-30"
0504415,Arcosa Boulder Plant #1604,99,OFFICE WORKERS AT MINE SITE,2023,1,9,3543,"MSHA open data MinesProdQuarterly.txt, downloaded 2026-09-30"
0504415,Arcosa Boulder Plant #1604,99,OFFICE WORKERS AT MINE SITE,2023,2,9,3952,"MSHA open data MinesProdQuarterly.txt, downloaded 2026-09-30"
0504415,Arcosa Boulder Plant #1604,99,OFFICE WORKERS AT MINE SITE,2023,3,8,4136,"MSHA open data MinesProdQuarterly.txt, downloaded 2026-09-30"
0504415,Arcosa Boulder Plant #1604,99,OFFICE WORKERS AT MINE SITE,2023,4,8,3732,"MSHA open data MinesProdQuarterly.txt, downloaded 2026-09-30"
0504415,Arcosa Boulder Plant #1604,99,OFFICE WORKERS AT MINE SITE,2024,1,10,4738,"MSHA open data MinesProdQuarterly.txt, downloaded 2026-09-30"
0504415,Arcosa Boulder Plant #1604,99,OFFICE WORKERS AT MINE SITE,2024,2,8,3817,"MSHA open data MinesProdQuarterly.txt, downloaded 2026-09-30"
0504415,Arcosa Boulder Plant #1604,99,OFFICE WORKERS AT MINE SITE,2024,3,10,4549,"MSHA open data MinesProdQuarterly.txt, downloaded 2026-09-30"
0504415,Arcosa Boulder Plant #1604,99,OFFICE WORKERS AT MINE SITE,2024,4,11,3735,"MSHA open data MinesProdQuarterly.txt, downloaded 2026-09-30"
0504415,Arcosa Boulder Plant #1604,99,OFFICE WORKERS AT MINE SITE,2025,1,8,5069,"MSHA open data MinesProdQuarterly.txt, downloaded 2026-09-30"
0504415,Arcosa Boulder Plant #1604,99,OFFICE WORKERS AT MINE SITE,2025,2,7,3673,"MSHA open data MinesProdQuarterly.txt, downloaded 2026-09-30"
0504415,Arcosa Boulder Plant #1604,99,OFFICE WORKERS AT MINE SITE,2025,3,8,4033,"MSHA open data MinesProdQuarterly.txt, downloaded 2026-09-30"
0504415,Arcosa Boulder Plant #1604,99,OFFICE WORKERS AT MINE SITE,2025,4,7,3412,"MSHA open data MinesProdQuarterly.txt, downloaded 2026-09-30"
0504415,Arcosa Boulder Plant #1604,99,OFFICE WORKERS AT MINE SITE,2026,1,7,1956,"MSHA open data MinesProdQuarterly.txt, downloaded 2026-09-30"
0504415,Arcosa Boulder Plant #1604,99,OFFICE WORKERS AT MINE SITE,2026,2,2,1122,"MSHA open data MinesProdQuarterly.txt, downloaded 2026-09-30"
