MINE_ID,DOCUMENT_NO,ACCIDENT_DT,SUBUNIT,DEGREE_INJURY,CLASSIFICATION,ACCIDENT_TYPE,CONTRACTOR_ID,DAYS_RESTRICT,DAYS_LOST,INVEST_BEGIN_DT,NARRATIVE_NONINJURY_EVENTS_ONLY
0500344,220150090006,01/02/2015,"STRIP, QUARY, OPEN PIT","NO DYS AWY FRM WRK,NO RSTR ACT",HANDLING OF MATERIALS,Struck by falling object,,0,0,,
0500344,220151760005,06/23/2015,MILL OPERATION/PREPARATION PLANT,"NO DYS AWY FRM WRK,NO RSTR ACT",HANDTOOLS (NONPOWERED),Struck against stationary object,,0,0,,
0500344,220152150034,07/27/2015,MILL OPERATION/PREPARATION PLANT,DYS AWY FRM WRK & RESTRCTD ACT,SLIP OR FALL OF PERSON,Over-exertion NEC,,76,6,,
0500344,220152400121,08/20/2015,MILL OPERATION/PREPARATION PLANT,"NO DYS AWY FRM WRK,NO RSTR ACT",HANDLING OF MATERIALS,"Absorption of radiations, caustics, toxic and noxious substances",,0,0,,
0500344,220152510024,09/01/2015,MILL OPERATION/PREPARATION PLANT,ACCIDENT ONLY,IGNITION OR EXPLOSION OF GAS OR DUST,"Accident type, without injuries",,,,09/01/2015,"Valve was open approx 40 sec. When burner would not light, the operator asked the utility to prepare the manual gas torch.  Approximately 12 min later, at 8:19, a gas torch was used to light the kiln burner.  After it was lit, the utility heard a boom. The area was inspected, the Preheat coal mill was found with the inlet duct to the exhauster fan damaged at the coupling."
0500344,220152720011,09/21/2015,MILL OPERATION/PREPARATION PLANT,DAYS RESTRICTED ACTIVITY ONLY,HANDLING OF MATERIALS,Over-exertion NEC,,66,0,,
0500344,220152940019,10/12/2015,MILL OPERATION/PREPARATION PLANT,ACCIDENT ONLY,ENTRAPMENT,"Accident type, without injuries",,,,10/12/2015,A production Laborer was entrapped in the pre-heat elevator from 4:20-5:35 PM.  The elevator repair company was called and they arrived to retrieve the employee.  Employee was not injured and radio contact was maintained with the employee.
0500344,220153380007,11/06/2015,MILL OPERATION/PREPARATION PLANT,DYS AWY FRM WRK & RESTRCTD ACT,SLIP OR FALL OF PERSON,Fall down stairs,,31,3,,
0500344,220153510010,12/06/2015,MILL OPERATION/PREPARATION PLANT,ACCIDENT ONLY,ENTRAPMENT,"Accident type, without injuries",,,,12/06/2015,Employee was entrapped in the pre-heat tower elevator for 1:30.  There was radio contact with the employee and he was in good health.  The elevator repair contractor was called and they removed the employee unharmed.
0500344,220162030009,07/12/2016,MILL OPERATION/PREPARATION PLANT,DAYS RESTRICTED ACTIVITY ONLY,HANDLING OF MATERIALS,Over-exertion in pulling or pushing objects,,158,0,,
0500344,220162670002,09/17/2016,MILL OPERATION/PREPARATION PLANT,ACCIDENT ONLY,ENTRAPMENT,"Accident type, without injuries",,,,09/17/2016,Two employees were entrapped in the Pre-heat Tower passenger elevator starting at 8:00 until 11:30 PM.  The employees were in radio communication and in good health the entire duration.  The elevator contractor was called and were able to bring the car to the next floor so the employees could get out.  The elevator was taken out of service until it could be repaired on 9/19/16.
0500344,220162980039,10/13/2016,MILL OPERATION/PREPARATION PLANT,ACCIDENT ONLY,ENTRAPMENT,"Accident type, without injuries",,,,10/13/2016,An employee was entrapped in the preheat tower elevator between the 3rd and 4th floor for approximately 1 hour.  The employee was in good health and maintained radio contact until the elevator contractor was able to lower the car to the next level and allow the employee to exit the car.
0500344,220170810015,03/17/2017,MILL OPERATION/PREPARATION PLANT,DAYS RESTRICTED ACTIVITY ONLY,MACHINERY,Over-exertion NEC,,2,0,,
0500344,220171030003,04/10/2017,MILL OPERATION/PREPARATION PLANT,ACCIDENT ONLY,ENTRAPMENT,"Accident type, without injuries",,,,04/10/2017,"Three maintenance mechanics entered the Kiln Feed Silo personnel elevator to descend to the ground level. Shortly after the elevator started to descend, the elevator abruptly stopped, trapping them inside. Thyssen Krupp was contacted. TK placed the elevator in maintenance and brought the car to the closest floor and allowed the team members to exit safely."
0500344,220171590029,06/03/2017,MILL OPERATION/PREPARATION PLANT,DYS AWY FRM WRK & RESTRCTD ACT,FALLING/SLIDING/ROLLING MATERIALS,Struck by falling object,,35,1,,
0500344,220171770030,06/22/2017,MILL OPERATION/PREPARATION PLANT,"NO DYS AWY FRM WRK,NO RSTR ACT",HANDLING OF MATERIALS,"Caught in, under or between a moving and a stationary object",,0,0,,
0500344,220172150032,07/25/2017,"STRIP, QUARY, OPEN PIT","NO DYS AWY FRM WRK,NO RSTR ACT",HANDLING OF MATERIALS,"Caught in, under or between a moving and a stationary object",,0,0,,
0500344,220172200012,07/31/2017,"STRIP, QUARY, OPEN PIT","NO DYS AWY FRM WRK,NO RSTR ACT",SLIP OR FALL OF PERSON,Over-exertion NEC,J2W,0,0,,
0500344,220172340015,08/14/2017,MILL OPERATION/PREPARATION PLANT,ACCIDENT ONLY,FIRE,"Accident type, without injuries",,,,,"Spray tower plugged which limited draft to the system, the cooler compartment fans were brought up by the operator and the pressure became positive in the kiln firing hood, which pushed hot air into the burner pipe causing fuel and the coal flex pipe to ignite.  The fire dept was called to put out the fire."
0500344,220172620013,09/14/2017,MILL OPERATION/PREPARATION PLANT,DAYS RESTRICTED ACTIVITY ONLY,SLIP OR FALL OF PERSON,Fall to the walkway or working surface,,58,0,,
0500344,220172710005,09/24/2017,MILL OPERATION/PREPARATION PLANT,DYS AWY FRM WRK & RESTRCTD ACT,HANDLING OF MATERIALS,"Absorption of radiations, caustics, toxic and noxious substances",,3,9,,
0500344,220173630007,12/28/2017,MILL OPERATION/PREPARATION PLANT,ACCIDENT ONLY,ENTRAPMENT,"Accident type, without injuries",,,,12/28/2017,3 miners got trapped in the pre-heat elevator in between the 3rd and 2nd floor
0500344,220180320022,01/25/2018,MILL OPERATION/PREPARATION PLANT,DAYS RESTRICTED ACTIVITY ONLY,MACHINERY,Struck by flying object,Q464,1,0,,
0500344,220180880024,03/05/2018,"STRIP, QUARY, OPEN PIT",DAYS RESTRICTED ACTIVITY ONLY,SLIP OR FALL OF PERSON,Fall to the walkway or working surface,,4,0,,
0500344,220181370010,03/29/2018,MILL OPERATION/PREPARATION PLANT,DAYS RESTRICTED ACTIVITY ONLY,SLIP OR FALL OF PERSON,Over-exertion NEC,,34,0,,
0500344,220190070021,11/08/2018,MILL OPERATION/PREPARATION PLANT,DAYS RESTRICTED ACTIVITY ONLY,HANDLING OF MATERIALS,Struck by rolling or sliding object,,19,0,,
0500344,220183180024,11/13/2018,MILL OPERATION/PREPARATION PLANT,ACCIDENT ONLY,ENTRAPMENT,"Accident type, without injuries",,,,,"Miner was trapped in an elevator, the elevators safety emergency stop activated stopping the elevator car between level 2 & 3.  Called elevator company, elevator car was able to move up but not down.  Miner was instructed to take elevator to the top floor and use ladder to come down."
0500344,220183380008,12/03/2018,MILL OPERATION/PREPARATION PLANT,DAYS RESTRICTED ACTIVITY ONLY,HOISTING,"Caught in, under or between running or meshing objects",,146,0,,
0500344,220183540014,12/18/2018,MILL OPERATION/PREPARATION PLANT,"NO DYS AWY FRM WRK,NO RSTR ACT",HANDLING OF MATERIALS,Struck by flying object,,0,0,,
0500344,220190650004,02/27/2019,MILL OPERATION/PREPARATION PLANT,"NO DYS AWY FRM WRK,NO RSTR ACT",OTHER,"Bodily reaction, NEC",,0,0,,
0500344,220191770046,06/11/2019,MILL OPERATION/PREPARATION PLANT,DAYS RESTRICTED ACTIVITY ONLY,SLIP OR FALL OF PERSON,Fall to the walkway or working surface,,8,0,,
0500344,220200560010,02/24/2020,MILL OPERATION/PREPARATION PLANT,ACCIDENT ONLY,ENTRAPMENT,"Accident type, without injuries",,,,,Production employee got entrapped in the coal silo elevator as the employee attempted to take the elevator to the top of the raw mill silos to get a measurement.
0500344,220201390017,04/15/2020,MILL OPERATION/PREPARATION PLANT,"NO DYS AWY FRM WRK,NO RSTR ACT",HANDLING OF MATERIALS,"Caught in, under or between a moving and a stationary object",,0,0,,
0500344,220201770028,06/01/2020,MILL OPERATION/PREPARATION PLANT,"NO DYS AWY FRM WRK,NO RSTR ACT",HANDLING OF MATERIALS,Fall to the walkway or working surface,,0,0,,
0500344,220202030001,07/16/2020,MILL OPERATION/PREPARATION PLANT,DAYS AWAY FROM WORK ONLY,SLIP OR FALL OF PERSON,Fall to the walkway or working surface,,0,64,,
0500344,220203570020,12/14/2020,MILL OPERATION/PREPARATION PLANT,DAYS RESTRICTED ACTIVITY ONLY,SLIP OR FALL OF PERSON,Fall to the walkway or working surface,,21,0,,
0500344,220211460022,05/13/2021,MILL OPERATION/PREPARATION PLANT,DAYS RESTRICTED ACTIVITY ONLY,HANDLING OF MATERIALS,Struck by... NEC,,64,0,,
0500344,220212150013,07/20/2021,MILL OPERATION/PREPARATION PLANT,ACCIDENT ONLY,ENTRAPMENT,"Accident type, without injuries",,,,07/20/2021,"Tower Elevator stopped about 4 foot above landing just after it started to lift, Maintenance tried to lower it but was unsuccessful, called the Elevator company out to repair. Three employees were in the elevator for longer than 30 minutes and the event was called in. Non injury"
0500344,220212320003,08/12/2021,MILL OPERATION/PREPARATION PLANT,DAYS RESTRICTED ACTIVITY ONLY,HANDLING OF MATERIALS,Over-exertion in lifting objects,,31,0,,
0500344,220212460010,08/24/2021,MILL OPERATION/PREPARATION PLANT,DAYS RESTRICTED ACTIVITY ONLY,EXPLODING VESSELS UNDER PRESSURE,Struck by flying object,,10,0,,
0500344,220212630011,09/07/2021,MILL OPERATION/PREPARATION PLANT,ACCIDENT ONLY,ENTRAPMENT,"Accident type, without injuries",,,,09/07/2021,"The Pack house elevator stopped between floors just as it was lowering two employees down. Maintenance attempted to reset the unit but were not sucessful, Thyssenkrupp elevator was called out to lower the elevator.  Two employees were in the elevator for longer than 30 minutes and the event was called in. Non injury"
0500344,220212650006,09/09/2021,MILL OPERATION/PREPARATION PLANT,"NO DYS AWY FRM WRK,NO RSTR ACT",HANDLING OF MATERIALS,"Absorption of radiations, caustics, toxic and noxious substances",,0,0,,
0500344,220213000020,10/11/2021,MILL OPERATION/PREPARATION PLANT,ACCIDENT ONLY,ENTRAPMENT,"Accident type, without injuries",,,,10/11/2021,The plant tower elevator stopped working due to a bug that was blocking a position sensor which caused it to stop. An employee was in the elevator and notified the control room per procedure informing them that they were stuck just above the landing. The employee was in the elevator for more than 30 minutes and the event was called in. No injury associated with this event.
0500344,220213010005,10/15/2021,MILL OPERATION/PREPARATION PLANT,DAYS RESTRICTED ACTIVITY ONLY,MACHINERY,Struck by... NEC,,9,0,,
0500344,220213340001,11/11/2021,MILL OPERATION/PREPARATION PLANT,DYS AWY FRM WRK & RESTRCTD ACT,HANDLING OF MATERIALS,Over-exertion in lifting objects,,184,104,,
0500344,220213540029,12/10/2021,MILL OPERATION/PREPARATION PLANT,DAYS AWAY FROM WORK ONLY,MACHINERY,"Absorption of radiations, caustics, toxic and noxious substances",,0,14,,
0500344,220220310019,12/16/2021,MILL OPERATION/PREPARATION PLANT,DAYS RESTRICTED ACTIVITY ONLY,HANDTOOLS (NONPOWERED),Over-exertion in pulling or pushing objects,,47,0,,
0500344,220220240008,01/12/2022,MILL OPERATION/PREPARATION PLANT,DAYS RESTRICTED ACTIVITY ONLY,SLIP OR FALL OF PERSON,Over-exertion NEC,,6,0,,
0500344,220221230013,04/22/2022,MILL OPERATION/PREPARATION PLANT,DYS AWY FRM WRK & RESTRCTD ACT,SLIP OR FALL OF PERSON,Over-exertion NEC,,43,25,,
0500344,220222990030,10/21/2022,MILL OPERATION/PREPARATION PLANT,"NO DYS AWY FRM WRK,NO RSTR ACT",HANDLING OF MATERIALS,Struck by falling object,,0,0,,
0500344,220223320022,11/19/2022,MILL OPERATION/PREPARATION PLANT,ACCIDENT ONLY,ENTRAPMENT,"Accident type, without injuries",,,,11/19/2022,The plant homogeneous silo elevator stopped between floors as it was lowering 1 employee. They tried to reset the elevator but were not successful. Elevator company was called out to lower the elevator. One employee was in the elevator for longer than 30 minutes and the event was called in. No injury occurred
0500344,220223470009,12/03/2022,MILL OPERATION/PREPARATION PLANT,DYS AWY FRM WRK & RESTRCTD ACT,SLIP OR FALL OF PERSON,Fall down stairs,,67,60,,
0500344,220223570010,12/13/2022,MILL OPERATION/PREPARATION PLANT,"NO DYS AWY FRM WRK,NO RSTR ACT",HANDLING OF MATERIALS,Struck by... NEC,,0,0,,
0500344,220230040005,12/22/2022,MILL OPERATION/PREPARATION PLANT,ACCIDENT ONLY,ENTRAPMENT,"Accident type, without injuries",,,,12/22/2022,The coal elevator stopped between floors with one employee in the elevator. Maintenance tried to reset the elevator but were not successful. Thyssenkrupp Elevator was called out to lower the elevator. The employee was in the elevator for longer the 30 minutes and the event was called in. No injury occurred.
0500344,220230790032,03/12/2023,MILL OPERATION/PREPARATION PLANT,ACCIDENT ONLY,ENTRAPMENT,"Accident type, without injuries",,,,03/12/2023,The coal elevator stopped just after lift off from the first floor with two employees in the elevator car. The on shift supervisor and maintenance personnel  tried to reset the elevator but were not successful. Elevator company was called out to lower the elevator. The employees were in the elevator for longer than 30 minutes and the event was called in. No injuries occurred.
0500344,220232770006,09/27/2023,MILL OPERATION/PREPARATION PLANT,ACCIDENT ONLY,ENTRAPMENT,"Accident type, without injuries",,,,09/27/2023,The Homogeneous elevator stopped between floors with one employee in the elevator car. Maintenance personnel on shift tried to reset the elevator but were not successful. Thyssenkrupp Elevator was called out to lower the car to allow the employee to exit the elevator. The employee was in the elevator for longer  than 30 minutes and the event was called in. No injuries occurred.
0500344,220250590027,02/13/2025,MILL OPERATION/PREPARATION PLANT,DYS AWY FRM WRK & RESTRCTD ACT,IGNITION OR EXPLOSION OF GAS OR DUST,Contact with hot objects or substances,,32,5,02/13/2025,
0500344,220251420006,05/16/2025,MILL OPERATION/PREPARATION PLANT,ACCIDENT ONLY,HOISTING,"Accident type, without injuries",,,,05/16/2025,The plant tower elevator stopped between floors due to a defective safety switch which failed (as designed) causing the elevator to stop. An employee was in the elevator and notified the control room that EE was not able to get the elevator to move. The employee was in the elevator for more than 30 minutes and the event was called in to MSHA. No injury associated with the event.
0500344,220251780012,06/24/2025,MILL OPERATION/PREPARATION PLANT,ACCIDENT ONLY,ENTRAPMENT,"Accident type, without injuries",,,,06/24/2025,The coal man elevator stopped between floors with one person in the elevator car. The shift supervisor and maintenance personnel tried to reset the elevator but were not successful. Thyssen Krupp Elevator company was called out to safely lower the elevator. The employee was in the elevator for longer than 30 minutes and the event was called in. No injury occurred
0500344,220251840035,07/01/2025,MILL OPERATION/PREPARATION PLANT,DYS AWY FRM WRK & RESTRCTD ACT,SLIP OR FALL OF PERSON,Fall from machine,,192,20,,
0500344,220253170469,10/03/2025,MILL OPERATION/PREPARATION PLANT,ACCIDENT ONLY,FIRE,"Accident type, without injuries",,,,10/03/2025,"On 10/03/25 at 8:35 am, the coal mill operation began. At 9:26 am, the control operator noticed a fire on the coal mill line. Employees secured the area and tried to extinguish it. When it persisted, the Hygiene Fire Dept. was called at 9:44 am and arrived at 9:56 am. MSHA was notified the same day and visited on 10/06/25 to review the area and follow up on the investigation."
0500344,220253230037,11/08/2025,MILL OPERATION/PREPARATION PLANT,"NO DYS AWY FRM WRK,NO RSTR ACT",HANDLING OF MATERIALS,Over-exertion NEC,P194,0,0,,
0500344,220253280037,11/20/2025,"STRIP, QUARY, OPEN PIT","NO DYS AWY FRM WRK,NO RSTR ACT",HANDLING OF MATERIALS,Struck by falling object,,0,0,,
0500344,220261460006,05/21/2026,MILL OPERATION/PREPARATION PLANT,"NO DYS AWY FRM WRK,NO RSTR ACT",HANDTOOLS (NONPOWERED),Struck by... NEC,,0,0,,
0500344,220262190003,07/28/2026,MILL OPERATION/PREPARATION PLANT,DAYS RESTRICTED ACTIVITY ONLY,HANDLING OF MATERIALS,"Absorption of radiations, caustics, toxic and noxious substances",,13,0,,
