year,inspections,regular_E01,onsite_hrs,violations,SS,SS_pct,high_neg,orders,d104,contractor_viol,proposed_pen,accidents,injuries,nfdl,days_lost,days_restr,op_hours,nfdl_rate
2015,3,2,67.25,33,5,15.0,0,0,0,0,6434.0,9,6,3,9.0,173.0,205163,2.92
2016,4,2,72.5,14,0,0.0,0,0,0,0,3396.0,3,1,1,0.0,158.0,188413,1.06
2017,7,3,172.75,43,10,23.0,5,2,0,6,15323.0,10,7,4,10.0,98.0,193994,4.12
2018,5,2,97.75,10,1,10.0,2,0,0,0,3695.0,7,6,5,0.0,204.0,195816,5.11
2019,3,1,121.0,76,7,9.0,18,0,0,4,39614.0,2,2,1,0.0,8.0,182419,1.1
2020,5,2,93.0,25,6,24.0,1,0,0,2,31690.0,5,4,2,64.0,21.0,187138,2.14
2021,6,2,177.25,87,11,13.0,9,3,0,2,114272.0,11,8,7,118.0,345.0,195451,7.16
2022,5,2,185.25,109,8,7.0,4,2,0,11,199032.0,7,5,3,85.0,116.0,215551,2.78
2023,7,2,161.5,49,5,10.0,0,0,0,5,61945.0,2,0,0,0.0,0.0,231398,0.0
2024,4,2,150.0,42,7,17.0,1,1,0,3,26436.0,0,0,0,0.0,0.0,238537,0.0
2025,8,3,206.0,53,9,17.0,3,1,0,6,78259.0,7,4,2,25.0,224.0,252309,1.59
2026,2,1,103.75,31,12,39.0,7,0,1,2,62123.0,2,2,1,0.0,13.0,118408,1.69
