CAL_YR,CAL_QTR,emp_03,emp_30,emp_99,hrs_03,hrs_30,hrs_99,emp_total,hrs_total,hrs_per_emp
2000,1,15,71,6,8686,40973,3120,92,52779,574.0
2000,2,15,67,6,8039,36148,3120,88,47307,538.0
2000,3,15,71,6,7979,36435,3120,92,47534,517.0
2000,4,14,78,6,7071,41665,3120,98,51856,529.0
2001,1,14,78,6,7666,43689,3120,98,54475,556.0
2001,2,14,78,6,7130,39220,3120,98,49470,505.0
2001,3,14,73,6,6838,39632,3120,93,49590,533.0
2001,4,15,76,6,7317,41947,3120,97,52384,540.0
2002,1,16,72,6,8105,38326,3120,94,49551,527.0
2002,2,16,78,6,7739,43577,2774,100,54090,541.0
2002,3,17,81,5,7833,43665,2600,103,54098,525.0
2002,4,16,80,5,7455,41689,2600,101,51744,512.0
2003,1,17,81,7,8805,44214,3641,105,56660,540.0
2003,2,17,84,7,8519,39007,3466,108,50992,472.0
2003,3,16,82,6,8119,44939,3120,104,56178,540.0
2003,4,16,81,6,7592,41439,3120,103,52151,506.0
2004,1,16,83,6,8351,48520,3120,105,59991,571.0
2004,2,16,82,6,8024,38669,3120,104,49813,479.0
2004,3,15,81,5,7428,44394,2600,101,54422,539.0
2004,4,14,83,6,5779,44721,3120,103,53620,521.0
2005,1,15,86,6,7772,47620,3120,107,58512,547.0
2005,2,15,91,6,7575,44149,3120,112,54844,490.0
2005,3,14,85,6,6745,45251,3120,105,55116,525.0
2005,4,15,86,7,6808,42845,3633,108,53286,493.0
2006,1,15,86,6,7849,47998,3120,107,58967,551.0
2006,2,15,89,6,7466,46957,3120,110,57543,523.0
2006,3,15,87,6,7367,44224,3114,108,54705,507.0
2006,4,15,83,5,6623,42482,2595,103,51700,502.0
2007,1,15,86,5,8310,49155,2595,106,60060,567.0
2007,2,16,89,9,7246,49732,4671,114,61649,541.0
2007,3,15,90,7,7442,47003,3612,112,58057,518.0
2007,4,15,82,9,7079,43018,4671,106,54768,517.0
2008,1,15,83,9,7730,50087,4680,107,62497,584.0
2008,2,15,84,9,7199,46073,4680,108,57952,537.0
2008,3,15,83,10,7229,44155,5200,108,56584,524.0
2008,4,15,80,9,6160,38791,4400,104,49351,475.0
2009,1,10,56,9,4825,27585,4536,75,36946,493.0
2009,2,15,76,8,7500,40695,4608,99,52803,533.0
2009,3,15,80,8,7921,39911,4864,103,52696,512.0
2009,4,15,75,8,4129,26428,4020,98,34577,353.0
2010,1,15,72,7,5920,38205,3776,94,47901,510.0
2010,2,12,72,8,6250,39044,4841,92,50135,545.0
2010,3,14,71,8,2438,9742,3931,93,16111,173.0
2010,4,11,89,8,3247,35830,2781,108,41858,388.0
2011,1,10,75,9,4112,30879,4562,94,39553,421.0
2011,2,10,78,9,4905,36987,4288,97,46180,476.0
2011,3,10,78,9,4673,37810,4544,97,47027,485.0
2011,4,10,79,9,4940,37128,4340,98,46408,474.0
2012,1,10,81,9,5195,42159,4323,100,51677,517.0
2012,2,10,84,10,5424,40881,4310,104,50615,487.0
2012,3,12,80,9,6132,41494,4290,101,51916,514.0
2012,4,11,81,8,5923,42030,3768,100,51721,517.0
2013,1,12,79,9,5914,45222,4220,100,55356,554.0
2013,2,11,74,11,5773,39559,5515,96,50847,530.0
2013,3,12,78,8,5414,40038,3976,98,49428,504.0
2013,4,11,77,8,5380,41050,3864,96,50294,524.0
2014,1,10,73,9,5518,37024,4562,92,47104,512.0
2014,2,11,76,8,5706,40738,3075,95,49519,521.0
2014,3,12,79,10,6665,39236,4804,101,50705,502.0
2014,4,12,76,9,6794,39814,4082,97,50690,523.0
2015,1,11,81,10,5686,37033,4957,102,47676,467.0
2015,2,13,87,9,6632,42960,4587,109,54179,497.0
2015,3,13,85,9,6608,40705,4416,107,51729,483.0
2015,4,12,78,10,6362,40537,4680,100,51579,516.0
2016,1,11,75,9,5714,37492,4581,95,47787,503.0
2016,2,9,76,9,4783,36306,3893,94,44982,479.0
2016,3,11,71,8,5095,38277,3482,90,46854,521.0
2016,4,12,79,6,6142,39709,2939,97,48790,503.0
2017,1,11,76,7,7936,37598,3339,94,48873,520.0
2017,2,11,77,7,5816,39634,3490,95,48940,515.0
2017,3,11,77,7,5843,39233,3650,95,48726,513.0
2017,4,11,79,8,5904,37912,3639,98,47455,484.0
2018,1,11,9,78,5852,3833,37971,98,47656,486.0
2018,2,13,79,9,6277,41332,3472,101,51081,506.0
2018,3,13,76,11,6800,38105,4578,100,49483,495.0
2018,4,11,77,9,5852,38105,3639,97,47596,491.0
2019,1,11,81,9,5706,41597,3759,101,51062,506.0
2019,2,11,83,8,4240,31730,4000,102,39970,392.0
2019,3,9,75,12,3993,35804,5586,96,45383,473.0
2019,4,9,80,8,4179,38458,3367,97,46004,474.0
2020,1,8,82,7,3768,39533,3320,97,46621,481.0
2020,2,8,79,7,3964,39794,3570,94,47328,503.0
2020,3,8,77,8,4010,39130,3749,93,46889,504.0
2020,4,8,81,7,4072,39048,3180,96,46300,482.0
2021,1,8,82,7,3701,37915,3595,97,45211,466.0
2021,2,8,82,7,3936,41516,3486,97,48938,505.0
2021,3,8,86,7,3692,45211,3497,101,52400,519.0
2021,4,9,90,7,4462,40783,3657,106,48902,461.0
2022,1,9,90,7,4545,40336,3684,106,48565,458.0
2022,2,11,91,8,4772,43803,4296,110,52871,481.0
2022,3,11,90,9,5339,48314,4459,110,58112,528.0
2022,4,10,88,8,4749,46960,4294,106,56003,528.0
2023,1,8,90,8,4464,53296,4287,106,62047,585.0
2023,2,9,89,8,4841,48211,4203,106,57255,540.0
2023,3,9,89,7,4711,47629,3737,105,56077,534.0
2023,4,9,91,7,4346,47940,3733,107,56019,524.0
2024,1,7,96,8,3392,53030,3828,111,60250,543.0
2024,2,3,95,9,1560,53476,4753,107,59789,559.0
2024,3,3,95,9,1560,51778,4499,107,57837,541.0
2024,4,3,96,9,1559,54341,4761,108,60661,562.0
2025,1,3,97,9,1561,55959,4771,109,62291,571.0
2025,2,3,97,9,1561,55673,4781,109,62015,569.0
2025,3,3,107,9,1561,56472,4396,119,62429,525.0
2025,4,3,104,8,1293,60143,4138,115,65574,570.0
2026,1,3,106,6,1560,53197,2754,115,57511,500.0
2026,2,3,104,6,1560,56238,3099,113,60897,539.0
