EVENT_NO,MINE_ID,INSPECTION_BEGIN_DT,INSPECTION_END_DT,CONTROLLER_ID,CONTROLLER_NAME,OPERATOR_ID,OPERATOR_NAME,CAL_YR,CAL_QTR,FISCAL_YR,FISCAL_QTR,INSPECT_OFFICE_CD,ACTIVITY_CODE,ACTIVITY,ACTIVE_SECTIONS,IDLE_SECTIONS,SHAFT_SLOPE_SINK,IMPOUND_CONSTR,BLDG_CONSTR_SITES,DRAGLINES,UNCLASSIFIED_CONSTR,CO_RECORDS,SURF_UG_MINE,SURF_FACILITY_MINE,REFUSE_PILES,EXPLOSIVE_STORAGE,OUTBY_AREAS,MAJOR_CONSTR,SHAFTS_SLOPES,IMPOUNDMENTS,MISC_AREA,PROGRAM_AREA,SAMPLE_CNT_AIR,SAMPLE_CNT_DUSTSPOT,SAMPLE_CNT_DUSTSURVEY,SAMPLE_CNT_RESPDUST,SAMPLE_CNT_NOISE,SAMPLE_CNT_OTHER,NBR_INSPECTOR,SUM(TOTAL_INSP_HOURS),SUM(TOTAL_ON_SITE_HOURS),COAL_METAL_IND,SUM(TOTAL_INSP_HRS_SPVR_TRAINEE),SUM(TOTAL_ON_SITE_HRS_SPVR_TRAINEE)
6693598,0500344,03/04/2015,03/12/2015,M09149,Cemex S A,L18165,Cemex Inc,2015,1,2015,2,M6642,E01,Regular Safety and Health Inspection,0,0,0,0,0,0,0,N,N,N,N,N,N,N,N,N,N,M/NM--Regular Safety and Health Inspection,0,0,0,0,0,0,1,53,34,M,,
6693599,0500344,03/04/2015,03/12/2015,M09149,Cemex S A,L18165,Cemex Inc,2015,1,2015,2,M6642,E17,Special Emphasis Programs,0,0,0,0,0,0,0,N,N,N,N,N,N,N,N,N,N,M/NM--Special Emphasis Programs,0,0,0,0,0,0,1,1,1,M,,
6698051,0500344,08/04/2015,08/12/2015,M09149,Cemex S A,0093625,"CEMEX Construction Materials South, LLC",2015,3,2015,4,M6642,E01,Regular Safety and Health Inspection,0,0,0,0,0,0,0,N,N,N,N,N,N,N,N,N,N,M/NM--Regular Safety and Health Inspection,0,0,0,0,0,0,1,61,32.25,M,,
6699587,0500344,03/02/2016,03/11/2016,M09149,Cemex S A,0093625,"CEMEX Construction Materials South, LLC",2016,1,2016,2,M6642,E01,Regular Safety and Health Inspection,0,0,0,0,0,0,0,N,N,N,N,N,N,N,N,N,N,M/NM--Regular Safety and Health Inspection,0,0,0,0,0,0,1,64.75,38.75,M,,
6699588,0500344,03/03/2016,03/03/2016,M09149,Cemex S A,0093625,"CEMEX Construction Materials South, LLC",2016,1,2016,2,M6642,E17,Special Emphasis Programs,0,0,0,0,0,0,0,N,N,N,N,N,N,N,N,N,N,M/NM--Special Emphasis Programs,0,0,0,0,0,0,1,1.25,.75,M,,
6699620,0500344,05/23/2016,06/02/2016,M09149,Cemex S A,0093625,"CEMEX Construction Materials South, LLC",2016,2,2016,3,M6642,E01,Regular Safety and Health Inspection,0,0,0,0,0,0,0,N,N,N,N,N,N,N,N,N,N,M/NM--Regular Safety and Health Inspection,0,0,0,0,0,0,1,49.25,32,M,,
6699622,0500344,06/01/2016,06/01/2016,M09149,Cemex S A,0093625,"CEMEX Construction Materials South, LLC",2016,2,2016,3,M6642,E17,Special Emphasis Programs,0,0,0,0,0,0,0,N,N,N,N,N,N,N,N,N,N,M/NM--Special Emphasis Programs,0,0,0,0,0,0,1,1.5,1,M,,
6775043,0500344,02/27/2017,03/09/2017,M09149,Cemex S A,0093625,"CEMEX Construction Materials South, LLC",2017,1,2017,2,M6642,E01,Regular Safety and Health Inspection,0,0,0,0,0,0,0,N,N,N,N,N,N,N,N,N,N,M/NM--Regular Safety and Health Inspection,0,0,0,0,0,0,1,80,57.5,M,,
6699736,0500344,03/23/2017,03/23/2017,M09149,Cemex S A,0093625,"CEMEX Construction Materials South, LLC",2017,1,2017,2,M6642,E15,Compliance Follow-up Inspection,0,0,0,0,0,0,0,N,N,N,N,N,N,N,N,N,N,M/NM--Compliance Follow-up Inspection,0,0,0,0,0,0,1,4,1,M,,
6694176,0500344,04/10/2017,04/12/2017,M09149,Cemex S A,0093625,"CEMEX Construction Materials South, LLC",2017,2,2017,3,M6642,E08,Non-Injury Accident Investigation,0,0,0,0,0,0,0,N,N,N,N,N,N,N,N,N,N,M/NM--Non-Injury Accident Investigation,0,0,0,0,0,0,1,21.5,7.5,M,,
6776877,0500344,07/31/2017,08/10/2017,M09149,Cemex S A,0093625,"CEMEX Construction Materials South, LLC",2017,3,2017,4,M6642,E01,Regular Safety and Health Inspection,0,0,0,0,0,0,0,N,N,N,N,N,N,N,N,N,N,M/NM--Regular Safety and Health Inspection,0,0,0,0,0,0,3,102.5,54.5,M,,
6774689,0500344,08/17/2017,08/17/2017,M09149,Cemex S A,0093625,"CEMEX Construction Materials South, LLC",2017,3,2017,4,M6642,E16,Spot Inspection,0,0,0,0,0,0,0,N,N,N,N,N,N,N,N,N,N,M/NM--Spot Inspection,0,0,0,0,0,0,1,8,2.5,M,,
6785314,0500344,12/26/2017,01/17/2018,M09149,Cemex S A,0093625,"CEMEX Construction Materials South, LLC",2018,1,2018,2,M6642,E01,Regular Safety and Health Inspection,0,0,0,0,0,0,0,N,N,N,N,N,N,N,N,N,N,M/NM--Regular Safety and Health Inspection,0,0,0,0,0,0,3,99.25,45.75,M,,
6785315,0500344,12/28/2017,01/17/2018,M09149,Cemex S A,0093625,"CEMEX Construction Materials South, LLC",2018,1,2018,2,M6642,E08,Non-Injury Accident Investigation,0,0,0,0,0,0,0,N,N,N,N,N,N,N,N,N,N,M/NM--Non-Injury Accident Investigation,0,0,0,0,0,0,1,15.75,4,M,,
6785318,0500344,01/23/2018,01/23/2018,M09149,Cemex S A,0093625,"CEMEX Construction Materials South, LLC",2018,1,2018,2,M6642,E15,Compliance Follow-up Inspection,0,0,0,0,0,0,0,N,N,N,N,N,N,N,N,N,N,M/NM--Compliance Follow-up Inspection,0,0,0,0,0,0,1,9.25,1.5,M,,
6785605,0500344,01/29/2018,01/29/2018,M09149,Cemex S A,0093625,"CEMEX Construction Materials South, LLC",2018,1,2018,2,M6642,E15,Compliance Follow-up Inspection,0,0,0,0,0,0,0,N,N,N,N,N,N,N,N,N,N,M/NM--Compliance Follow-up Inspection,0,0,0,0,0,0,1,2,1,M,,
6785646,0500344,08/28/2018,09/05/2018,M09149,Cemex S A,0093625,"CEMEX Construction Materials South, LLC",2018,3,2018,4,M6642,E01,Regular Safety and Health Inspection,0,0,0,0,0,0,0,N,N,N,N,N,N,N,N,N,N,M/NM--Regular Safety and Health Inspection,0,0,0,0,0,0,1,43,29.5,M,,
6785654,0500344,09/25/2018,09/25/2018,M09149,Cemex S A,0093625,"CEMEX Construction Materials South, LLC",2018,3,2018,4,M6642,E15,Compliance Follow-up Inspection,0,0,0,0,0,0,0,N,N,N,N,N,N,N,N,N,N,M/NM--Compliance Follow-up Inspection,0,0,0,0,0,0,1,10,1,M,,
6785564,0500344,12/26/2018,01/11/2019,M09149,Cemex S A,0093625,"CEMEX Construction Materials South, LLC",2019,1,2019,2,M6642,E01,Regular Safety and Health Inspection,0,0,0,0,0,0,0,N,N,N,N,N,N,N,N,N,N,M/NM--Regular Safety and Health Inspection,0,0,0,0,0,0,2,109,64.75,M,,
6785595,0500344,06/10/2019,06/25/2019,M09149,Cemex S A,0093625,"CEMEX Construction Materials South, LLC",2019,2,2019,3,M6642,E01,Regular Safety and Health Inspection,0,0,0,0,0,0,0,N,N,N,N,N,N,N,N,N,N,M/NM--Regular Safety and Health Inspection,0,0,0,0,0,0,3,184.75,105,M,,
6785600,0500344,07/05/2019,07/05/2019,M09149,Cemex S A,0093625,"CEMEX Construction Materials South, LLC",2019,3,2019,4,M6642,E15,Compliance Follow-up Inspection,0,0,0,0,0,0,0,N,N,N,N,N,N,N,N,N,N,M/NM--Compliance Follow-up Inspection,0,0,0,0,0,0,1,9.5,2.25,M,,
6789106,0500344,08/20/2019,08/20/2019,M09149,Cemex S A,0093625,"CEMEX Construction Materials South, LLC",2019,3,2019,4,M6642,E15,Compliance Follow-up Inspection,0,0,0,0,0,0,0,N,N,N,N,N,N,N,N,N,N,M/NM--Compliance Follow-up Inspection,0,0,0,0,0,0,1,14.75,13.75,M,,
6788796,0500344,02/10/2020,02/12/2020,M09149,Cemex S A,0093625,"CEMEX Construction Materials South, LLC",2020,1,2020,2,M6642,E01,Regular Safety and Health Inspection,0,0,0,0,0,0,0,N,N,N,N,N,N,N,N,N,N,M/NM--Regular Safety and Health Inspection,0,0,0,0,0,0,2,78,46.75,M,,
6785452,0500344,02/27/2020,02/27/2020,M09149,Cemex S A,0093625,"CEMEX Construction Materials South, LLC",2020,1,2020,2,M6642,E15,Compliance Follow-up Inspection,0,0,0,0,0,0,0,N,N,N,N,N,N,N,N,N,N,M/NM--Compliance Follow-up Inspection,0,0,0,0,0,0,1,5,4,M,,
6852469,0500344,04/21/2020,04/30/2020,M09149,Cemex S A,0093625,"CEMEX Construction Materials South, LLC",2020,2,2020,3,M6642,E01,Regular Safety and Health Inspection,0,0,0,0,0,0,0,N,N,N,N,N,N,N,N,N,N,M/NM--Regular Safety and Health Inspection,0,0,0,0,0,0,1,53.75,37.75,M,,
6789086,0500344,07/01/2020,07/01/2020,M09149,Cemex S A,0093625,"CEMEX Construction Materials South, LLC",2020,3,2020,4,M6642,E16,Spot Inspection,0,0,0,0,0,0,0,N,N,N,N,N,N,N,N,N,N,M/NM--Spot Inspection,0,0,0,0,0,0,1,10.5,3,M,,
6789092,0500344,07/29/2020,07/29/2020,M09149,Cemex S A,0093625,"CEMEX Construction Materials South, LLC",2020,3,2020,4,M6642,E16,Spot Inspection,0,0,0,0,0,0,0,N,N,N,N,N,N,N,N,N,N,M/NM--Spot Inspection,0,0,0,0,0,0,1,7.5,1.5,M,,
6789299,0500344,01/06/2021,01/22/2021,M09149,Cemex S A,0093625,"CEMEX Construction Materials South, LLC",2021,1,2021,2,M6642,E01,Regular Safety and Health Inspection,0,0,0,0,0,0,0,N,N,N,N,N,N,N,N,N,N,M/NM--Regular Safety and Health Inspection,0,0,0,0,0,0,3,166.25,89,M,,
6853425,0500344,03/09/2021,03/09/2021,M09149,Cemex S A,0093625,"CEMEX Construction Materials South, LLC",2021,1,2021,2,M6642,E15,Compliance Follow-up Inspection,0,0,0,0,0,0,0,N,N,N,N,N,N,N,N,N,N,M/NM--Compliance Follow-up Inspection,0,0,0,0,0,0,1,12,9.5,M,,
6853739,0500344,07/19/2021,07/23/2021,M09149,Cemex S A,0093625,"CEMEX Construction Materials South, LLC",2021,3,2021,4,M6642,E01,Regular Safety and Health Inspection,0,0,0,0,0,0,0,N,N,N,N,N,N,N,N,N,N,M/NM--Regular Safety and Health Inspection,0,0,0,0,0,0,4,107.25,73.5,M,,
6853740,0500344,07/20/2021,07/21/2021,M09149,Cemex S A,0093625,"CEMEX Construction Materials South, LLC",2021,3,2021,4,M6642,E08,Non-Injury Accident Investigation,0,0,0,0,0,0,0,N,N,N,N,N,N,N,N,N,N,M/NM--Non-Injury Accident Investigation,0,0,0,0,0,0,1,4.25,3,M,,
6855706,0500344,08/03/2021,08/03/2021,M09149,Cemex S A,0093625,"CEMEX Construction Materials South, LLC",2021,3,2021,4,M6642,E15,Compliance Follow-up Inspection,0,0,0,0,0,0,0,N,N,N,N,N,N,N,N,N,N,M/NM--Compliance Follow-up Inspection,0,0,0,0,0,0,1,3,1,M,3,1
6855709,0500344,09/08/2021,09/08/2021,M09149,Cemex S A,0093625,"CEMEX Construction Materials South, LLC",2021,3,2021,4,M6642,E16,Spot Inspection,0,0,0,0,0,0,0,N,N,N,N,N,N,N,N,N,N,M/NM--Spot Inspection,0,0,0,0,0,0,1,1.75,1.25,M,1.75,1.25
6853569,0500344,01/18/2022,01/18/2022,M09149,Cemex S A,0093625,"CEMEX Construction Materials South, LLC",2022,1,2022,2,M6642,E04,Verbal Hazard Complaint Inspections,0,0,0,0,0,0,0,N,N,N,N,N,N,N,N,N,N,M/NM--Verbal Hazard Complaint Inspections,0,0,0,0,0,0,1,14,5,M,,
6853570,0500344,01/24/2022,02/07/2022,M09149,Cemex S A,0093625,"CEMEX Construction Materials South, LLC",2022,1,2022,2,M6642,E01,Regular Safety and Health Inspection,0,0,0,0,0,0,0,N,N,N,N,N,N,N,N,N,N,M/NM--Regular Safety and Health Inspection,0,0,0,0,0,0,3,124.25,70,M,,
6853678,0500344,03/10/2022,03/10/2022,M09149,Cemex S A,0093625,"CEMEX Construction Materials South, LLC",2022,1,2022,2,M6642,E04,Verbal Hazard Complaint Inspections,0,0,0,0,0,0,0,N,N,N,N,N,N,N,N,N,N,M/NM--Verbal Hazard Complaint Inspections,0,0,0,0,0,0,1,4.5,2.5,M,,
6853700,0500344,05/02/2022,05/16/2022,M09149,Cemex S A,0093625,"CEMEX Construction Materials South, LLC",2022,2,2022,3,M6642,E01,Regular Safety and Health Inspection,0,0,0,0,0,0,0,N,N,N,N,N,N,N,N,N,N,M/NM--Regular Safety and Health Inspection,0,0,0,0,0,0,3,175.5,98.75,M,,
6941022,0500344,09/20/2022,09/20/2022,M09149,Cemex S A,0093625,"CEMEX Construction Materials South, LLC",2022,3,2022,4,M6642,E16,Spot Inspection,0,0,0,0,0,0,0,N,N,N,N,N,N,N,N,N,N,M/NM--Spot Inspection,0,0,0,0,0,0,1,12,9,M,,
6858255,0500344,01/09/2023,01/09/2023,M09149,Cemex S A,0093625,"CEMEX Construction Materials South, LLC",2023,1,2023,2,M6642,E04,Verbal Hazard Complaint Inspections,0,0,0,0,0,0,0,N,N,N,N,N,N,N,N,N,N,M/NM--Verbal Hazard Complaint Inspections,0,0,0,0,0,0,1,12,2.5,M,,
6853836,0500344,02/26/2023,03/20/2023,M09149,Cemex S A,0093625,"CEMEX Construction Materials South, LLC",2023,1,2023,2,M6642,E01,Regular Safety and Health Inspection,0,0,0,0,0,0,0,N,N,N,N,N,N,N,N,N,N,M/NM--Regular Safety and Health Inspection,0,0,0,0,0,0,3,130.5,81,M,,
6853844,0500344,05/17/2023,05/17/2023,M09149,Cemex S A,0093625,"CEMEX Construction Materials South, LLC",2023,2,2023,3,M6642,E17,Special Emphasis Programs,0,0,0,0,0,0,0,N,N,N,N,N,N,N,N,N,N,M/NM--Special Emphasis Programs,0,0,0,0,0,0,1,4,2,M,,
6973021,0500344,08/05/2023,08/28/2023,M09149,Cemex S A,0093625,"CEMEX Construction Materials South, LLC",2023,3,2023,4,M6642,E01,Regular Safety and Health Inspection,0,0,0,0,0,0,0,N,N,N,N,N,N,N,N,N,N,M/NM--Regular Safety and Health Inspection,0,0,0,0,0,0,3,109.75,67,M,,
6947816,0500344,09/27/2023,09/27/2023,M09149,Cemex S A,0093625,"CEMEX Construction Materials South, LLC",2023,3,2023,4,M6642,E16,Spot Inspection,0,0,0,0,0,0,0,N,N,N,N,N,N,N,N,N,N,M/NM--Spot Inspection,0,0,0,0,0,0,1,4,2,M,,
6947756,0500344,11/30/2023,11/30/2023,M09149,Cemex S A,0093625,"CEMEX Construction Materials South, LLC",2023,4,2024,1,M6642,E16,Spot Inspection,0,0,0,0,0,0,0,N,N,N,N,N,N,N,N,N,N,M/NM--Spot Inspection,0,0,0,0,0,0,1,3.5,1.5,M,,
6947755,0500344,11/30/2023,11/30/2023,M09149,Cemex S A,0093625,"CEMEX Construction Materials South, LLC",2023,4,2024,1,M6642,E04,Verbal Hazard Complaint Inspections,0,0,0,0,0,0,0,N,N,N,N,N,N,N,N,N,N,M/NM--Verbal Hazard Complaint Inspections,0,0,0,0,0,0,1,9,5.5,M,,
6947942,0500344,02/05/2024,02/14/2024,M09149,Cemex S A,0093625,"CEMEX Construction Materials South, LLC",2024,1,2024,2,M6642,E01,Regular Safety and Health Inspection,0,0,0,0,0,0,0,N,N,N,N,N,N,N,N,N,N,M/NM--Regular Safety and Health Inspection,0,0,0,0,0,0,3,136.5,88,M,11.5,9
6947894,0500344,05/20/2024,05/30/2024,M09149,Cemex S A,0093625,"CEMEX Construction Materials South, LLC",2024,2,2024,3,M6642,E01,Regular Safety and Health Inspection,0,0,0,0,0,0,0,N,N,N,N,N,N,N,N,N,N,M/NM--Regular Safety and Health Inspection,0,0,0,0,0,0,2,100,59.5,M,,
6853866,0500344,05/22/2024,05/22/2024,M09149,Cemex S A,0093625,"CEMEX Construction Materials South, LLC",2024,2,2024,3,M6642,E17,Special Emphasis Programs,0,0,0,0,0,0,0,N,N,N,N,N,N,N,N,N,N,M/NM--Special Emphasis Programs,0,0,0,0,0,0,1,4.75,2.5,M,,
6947693,0500344,06/11/2024,06/11/2024,M09149,Cemex S A,0093625,"CEMEX Construction Materials South, LLC",2024,2,2024,3,M6642,E15,Compliance Follow-up Inspection,0,0,0,0,0,0,0,N,N,N,N,N,N,N,N,N,N,M/NM--Compliance Follow-up Inspection,0,0,0,0,0,0,1,1.75,0,M,,
F015001,0500344,01/06/2025,01/13/2025,M09149,Cemex S A,0093625,"CEMEX Construction Materials South, LLC",2025,1,2025,2,M6642,E01,Regular Safety and Health Inspection,0,0,0,0,0,0,0,N,N,N,N,N,N,N,N,N,N,M/NM--Regular Safety and Health Inspection,0,0,0,0,0,0,3,84.5,48.75,M,,
F01500C,0500344,02/13/2025,03/07/2025,M09149,Cemex S A,0093625,"CEMEX Construction Materials South, LLC",2025,1,2025,2,M6642,E07,Non-Fatal Accident Investigation,0,0,0,0,0,0,0,N,N,N,N,N,N,N,N,N,N,M/NM--Non-Fatal Accident Investigation,0,0,0,0,0,0,1,63.25,28.5,M,,
F015013,0500344,03/03/2025,03/03/2025,M09149,Cemex S A,0093625,"CEMEX Construction Materials South, LLC",2025,1,2025,2,M6642,E16,Spot Inspection,0,0,0,0,0,0,0,N,N,N,N,N,N,N,N,N,N,M/NM--Spot Inspection,0,0,0,0,0,0,1,2.5,0,M,,
F015955,0500344,07/08/2025,07/21/2025,M09149,Cemex S A,0093625,"CEMEX Construction Materials South, LLC",2025,3,2025,4,M6642,E01,Regular Safety and Health Inspection,0,0,0,0,0,0,0,N,N,N,N,N,N,N,N,N,N,M/NM--Regular Safety and Health Inspection,0,0,0,0,0,0,3,138,80.25,M,,
F01595F,0500344,08/04/2025,08/05/2025,M09149,Cemex S A,0093625,"CEMEX Construction Materials South, LLC",2025,3,2025,4,M6642,E15,Compliance Follow-up Inspection,0,0,0,0,0,0,0,N,N,N,N,N,N,N,N,N,N,M/NM--Compliance Follow-up Inspection,0,0,0,0,0,0,1,3.5,0,M,,
F01596A,0500344,09/23/2025,09/25/2025,M09149,Cemex S A,0093625,"CEMEX Construction Materials South, LLC",2025,3,2025,4,M6642,E16,Spot Inspection,0,0,0,0,0,0,0,N,N,N,N,N,N,N,N,N,N,M/NM--Spot Inspection,0,0,0,0,0,0,1,31.75,14,M,,
F02028B,0500344,10/06/2025,10/06/2025,M09149,Cemex S A,0093625,"CEMEX Construction Materials South, LLC",2025,4,2026,1,M6642,E16,Spot Inspection,0,0,0,0,0,0,0,N,N,N,N,N,N,N,N,N,N,M/NM--Spot Inspection,0,0,0,0,0,0,1,6.25,2.5,M,,
F00425E,0500344,11/10/2025,11/20/2025,M09149,Cemex S A,0093625,"CEMEX Construction Materials South, LLC",2025,4,2026,1,M6642,E01,Regular Safety and Health Inspection,0,0,0,0,0,0,0,N,N,N,N,N,N,N,N,N,N,M/NM--Regular Safety and Health Inspection,0,0,0,0,0,0,3,68.75,32,M,,
F01F23C,0500344,06/18/2026,06/18/2026,M09149,Cemex S A,0093625,"CEMEX Construction Materials South, LLC",2026,2,2026,3,M6642,E08,Non-Injury Accident Investigation,0,0,0,0,0,0,0,N,N,N,N,N,N,N,N,N,N,M/NM--Non-Injury Accident Investigation,0,0,0,0,0,0,1,2.75,1,M,,
F0345B6,0500344,07/15/2026,08/04/2026,M09149,Cemex S A,0093625,"CEMEX Construction Materials South, LLC",2026,3,2026,4,M6642,E01,Regular Safety and Health Inspection,0,0,0,0,0,0,0,N,N,N,N,N,N,N,N,N,N,M/NM--Regular Safety and Health Inspection,0,0,0,0,0,0,2,154.5,102.75,M,,
