scenario,$/mi,payload_t,added_mi_oneway,added_$/t_shale,shale_share_of_kiln_feed,shale_t/yr,added_$/yr,added_$/t_clinker,added_$/t_cement,pct_of_$145/st_mill_value
low,2.34,32,52,7.59,0.05,25340,192381,0.61,0.55,0.38
low,2.34,32,52,7.59,0.1,50680,384763,1.21,1.09,0.75
low,2.34,32,52,7.59,0.15,76020,577144,1.82,1.64,1.13
central,2.68,32,63,10.56,0.05,25340,267549,0.84,0.76,0.52
central,2.68,32,63,10.56,0.1,50680,535097,1.69,1.52,1.05
central,2.68,32,63,10.56,0.15,76020,802646,2.53,2.28,1.57
high,3.06,25,63,15.42,0.05,25340,390804,1.23,1.11,0.77
high,3.06,25,63,15.42,0.1,50680,781607,2.47,2.22,1.53
high,3.06,25,63,15.42,0.15,76020,1172411,3.7,3.33,2.3
