permit_operation,operator,report_year,filed,tons_mined,material,acres_opened_or_affected,acres_major_disturbance,acres_reclaimed_in_year,acres_reclaimed_to_date,bond_usd,source_file,repo_path,page,notes
M-1977-341 Larimer County (Parrish) Quarry,Martin Marietta Cement,1978-79,,"MISSING (no annual report in the DRMS file reviewed). Plan only: ~150,000 tons of ore through 1978; 100,000 tons/yr thereafter","limestone (""ore"")",,,,,,1977-09-29_PERMIT FILE - M1977341 (2).pdf,Z_Related_Other_CEMEX_Mines/Larimer_Quarry_M1977341/Permit/1977-09-29_PERMIT FILE - M1977341 (2).pdf,14 (of 117),"PLANNED, not actual. Quote: ""Approximately 150,000 tons of ore will be mined through 1978. From then, 100,000 tons of ore will be mined for the duration of the mine."" Plan: 5 acres opened per year, 15 acres in mining/reclamation at any time. Hauled ~10 mi to Lyons plant. Permit issued 6/4/1978 (annual reports) - DMG 2002 inspection says 10/26/1978."
M-1977-341 Larimer County (Parrish) Quarry,Martin Marietta Cement,1979-80,1980-07-08,MISSING (no tonnage field in report),limestone,3.67 (area H),20.19 (+4.27 moderate),0,,,1980-07-08_REPORT - M1977341.pdf,Z_Related_Other_CEMEX_Mines/Larimer_Quarry_M1977341/Reports/1980-07-08_REPORT - M1977341.pdf,2,"Quote: ""No reclamation took place in this reporting period."" Plan next yr ~5 ac. Report says permit issued ""6-24-78"" (other reports say 6-4-78). Fee $350."
M-1977-341 Larimer County (Parrish) Quarry,Martin Marietta Cement,1980-81,,MISSING (report not in the DRMS file reviewed),,,,,,,,,,No annual report for this period found in DRMS file (1980-07-10 file is a transmittal/receipt).
M-1977-341 Larimer County (Parrish) Quarry,Martin Marietta Cement,1981-82,,MISSING (report not in the DRMS file reviewed),,,,,,,,,,Not found in DRMS file.
M-1977-341 Larimer County (Parrish) Quarry,Martin Marietta Cement,1982-83,1983-07-12,MISSING (no tonnage field in report),,0,20.29,0,24.39,,1983-07-12_REPORT - M1977341.pdf,Z_Related_Other_CEMEX_Mines/Larimer_Quarry_M1977341/Reports/1983-07-12_REPORT - M1977341.pdf,1,"Quote: ""There are no newly disturbed areas for the 6-82 to 6-83 reporting period."" No mining-area expansion this year (low/no new opening). DMG 7/13/1983 letter says report did not fully meet Regular Operations permit requirements (map scale). Plan 83-84: open 3-5 ac."
M-1977-341 Larimer County (Parrish) Quarry,Southwestern Portland Cement,1983-84,1984-07-24,MISSING (no tonnage field in report),,3.08 (area J),20.03,3.34 (F),27.73,,1984-07-24_REPORT - M1977341.pdf,Z_Related_Other_CEMEX_Mines/Larimer_Quarry_M1977341/Reports/1984-07-24_REPORT - M1977341.pdf,2,Operator changed to Southwestern Portland Cement.
M-1977-341 Larimer County (Parrish) Quarry,Southwestern Portland Cement,1984-85,,MISSING (report filed ~7/30/1985 per DRMS index; not in the DRMS file reviewed),,,,,,,,,,DRMS index lists a 7/30/1985 annual report covering 77-208/77-341/77-361; not among the DRMS files reviewed.
M-1977-341 Larimer County (Parrish) Quarry,Southwestern Portland Cement,1985-86,1986-07-14,MISSING (no tonnage field in report),,7.78 (area V),25.99,3.35 (U),37.62,,1986-07-14_REPORT - M1977341.pdf,Z_Related_Other_CEMEX_Mines/Larimer_Quarry_M1977341/Reports/1986-07-14_REPORT - M1977341.pdf,3,Peak new opening of the 1980s (7.78 ac). Fee $350.
M-1977-341 Larimer County (Parrish) Quarry,Southwestern Portland Cement,1986-87,1987-07-20,MISSING (no tonnage field in report),,5.53 (area W),23.50,9.33 (2.35 G + 6.98 K),46.95,,1987-07-20_REPORT - M1977341 (3).pdf,Z_Related_Other_CEMEX_Mines/Larimer_Quarry_M1977341/Reports/1987-07-20_REPORT - M1977341 (3).pdf,5-6,"Bundled with Lyons Quarry (77-208) and Silica (77-361) reports. Quote p.6: ""Plans ... include opening 3-5 acres in Pit B and the Parrish quarry. The Parrish quarry ammendment has been submitted"". Parrish amendment approved 9/25/1987."
M-1977-341 Larimer County (Parrish) Quarry,Southwestern Portland Cement,1987-88,1988-07-27,MISSING (no tonnage field in report),,9.9 (BB 3.1 + PP 6.8),23.21,~10.2 (2.36+2.77+1.88+3.18) plus 2.4 BB mined and reclaimed same period,59.54,,1988-07-27_REPORT - M1977341 (2).pdf,Z_Related_Other_CEMEX_Mines/Larimer_Quarry_M1977341/Reports/1988-07-27_REPORT - M1977341 (2).pdf,2,"First year incl. Parrish Quarry area. Quote: ""2.4 A in area (BB) were mined and reclaimed in the same period."" Reclaimed-in-year components read from OCR; verify."
M-1977-341 Larimer County (Parrish) Quarry,Southwestern Portland Cement,1988-89,1989-05-15,MISSING (no tonnage field in report),,0 new stated,10.83,13.31 (7.78 V + 5.53 W),72.85,,1989-05-15_REPORT - M1977341.pdf,Z_Related_Other_CEMEX_Mines/Larimer_Quarry_M1977341/Reports/1989-05-15_REPORT - M1977341.pdf,2,Major disturbance falls 23.21->10.83 as pits reclaimed. Plan: open 3 ac in Pit B; no other reclamation. Fee $350.
M-1977-341 Larimer County (Parrish) Quarry,Southwestern Portland Cement,1989-90,1990-06-19,MISSING (no tonnage field in report),,"2.0 (CC, opened 1989)",12.83,0,72.85,,1990-06-19_REPORT - M1977341.pdf,Z_Related_Other_CEMEX_Mines/Larimer_Quarry_M1977341/Reports/1990-06-19_REPORT - M1977341.pdf,2,"Quote: ""No areas were reclaimed in the 1989-90 reporting period."" Plan: open 2 ac near Pit A + 2 ac Parrish."
M-1977-341 Larimer County (Parrish) Quarry,Southwestern Portland Cement,1990-91,1991-07-01,MISSING (no tonnage field in report),,"6.7 (DD 3.3, EE 1.4, FF 2.0 opened 1990)",13.53,6.0 (PP),78.85,,1991-07-01_REPORT - M1977341.pdf,Z_Related_Other_CEMEX_Mines/Larimer_Quarry_M1977341/Reports/1991-07-01_REPORT - M1977341.pdf,1-2 (map-only scan; values from companion copy 1991-08-28 p3-4),Cited figures come from the identical narrative in 1991-08-28 file p3-4 since 1991-07-01 text is map-only OCR. A 8/28/1991 letter cites anniversary-date mix-up; fees $80/$80/$70.
M-1977-341 Larimer County (Parrish) Quarry,Southwestern Portland Cement,1991-92,1992-09-04,MISSING (no tonnage field in report),,"form: 13.7 affected (OCR garbled, ""8.8"" also shown); FF 5.0 ac (2 opened 1990)",13.73,0.8 (PP) + CC 2 ac being reclaimed,79.65,28000,1992-09-04_REPORT - M1977341.pdf,Z_Related_Other_CEMEX_Mines/Larimer_Quarry_M1977341/Reports/1992-09-04_REPORT - M1977341.pdf,1-3,"Form states Financial Warranty $28,000; permitted acreage OCR reads ""16 acres"" (almost certainly 196). Plan: mine 5 ac north of Parrish + 4.7 ac near A Pit. Quote p3: ""No reclaimed areas have been released from bond to date."""
M-1977-341 Larimer County (Parrish) Quarry,Southwestern Portland Cement,1992-93,,MISSING (report dated 9/1/1993 is in DRMS index; not in the DRMS file reviewed),,,,,,,,,,GAP.
M-1977-341 Larimer County (Parrish) Quarry,Southwestern Portland Cement,1993-94,1994-09-08,MISSING (no tonnage field in report),,10.5 affected (A3 7 ac + B1 3.5 ac),10.5,27.03 (form),27.0 seeded (form),,1994-09-08_REPORT - M1977341 (2).pdf,Z_Related_Other_CEMEX_Mines/Larimer_Quarry_M1977341/Reports/1994-09-08_REPORT - M1977341 (2).pdf,"1 (form, p.1) and narrative p.3","Temporary cessation: form image shows NO circled (visually verified). Operates MORE than 180 days. Plan next yr 14.5 ac: ""continuation of mining in areas B1 and A3; and initiation of mining on 2 acres in area A3"". Fee $550. ANOMALY: 27.0 ac reclaimed on form vs 79.65 ac cumulative reported in 1992 - inconsistent acreage bases."
M-1977-341 Larimer County (Parrish) Quarry,Southwestern Portland Cement,1994-95,1995-09-06,MISSING (no tonnage field in report),,15 (form); B1 mining area 4.5 ac,4.5 (B1 mining/stripping),6.5 (form),backfilled 22.4; graded 19.1; seeded 11.8 (form),,1995-09-06_REPORT - M1977341.pdf,Z_Related_Other_CEMEX_Mines/Larimer_Quarry_M1977341/Reports/1995-09-06_REPORT - M1977341.pdf,"1 (form), 3 (plan)","Temporary cessation: NO circled. MORE than 180 days. Plan: ""continuation of mining in section B1"". Permitted 196 ac. Last year DMG calls it ""Notice of Intent to Continue Mining Operations""."
M-1977-341 Larimer County (Parrish) Quarry,Southdown (transfer 3/1996; report signed for Southwestern),1995-96,1996-08-30,MISSING (no tonnage field in report),,15 (form); B1 expanded to 8.7 ac,8.7 (B1),30.9 (A3 8.5 + A7 19.1 + B2 3.3),not stated,,1996-08-30_REPORT - M1977341.pdf,Z_Related_Other_CEMEX_Mines/Larimer_Quarry_M1977341/Reports/1996-08-30_REPORT - M1977341.pdf,"1 (form), 2 (narrative)","Quote p2: ""Section B1, the mining and stripping area expanded to 8.7 acres."" and ""Our plans for the June 1995 - June 1996 reporting period are to continue mining section B1."" Temporary cessation line not legible in OCR; not individually verified. CDPHE 5/14/1996 (Lyons plant) says some material for 1995 was ""brought in from the Larimer county pits"". LAST ANNUAL REPORT THAT STATES MINING WAS ONGOING."
M-1977-341 Larimer County (Parrish) Quarry,Southdown,1996-97,1997-08-22 (map); cover letter 1997-08-20,MISSING (no tonnage field in report),,"map shows 39.6 ac; B1 8.7 ac; A3,A7,B1,B2 marked ""RECLAMATION COMPLETE""",8.7 (B1) per map,,,26725 (7 May 1997 recalculation; see 1997-07-15 general document),1997-08-22_REPORT - M1977341.pdf,Z_Related_Other_CEMEX_Mines/Larimer_Quarry_M1977341/Reports/1997-08-22_REPORT - M1977341.pdf,1 (map),"Only a map and transmittal letter in the DRMS file reviewed for this year; no narrative. Mining ceased spring 1997 per 5/21/1997 operator letter (see findings). Quote from DMG inspection 5/1/1997: ""lack of future excavation planned""."
M-1977-341 Larimer County (Parrish) Quarry,Southdown,1997-98,1998-09-09,MISSING (no tonnage field in report),,40 affected,n/a,40,40 seeded,,1998-09-09_REPORT - M1977341.pdf,Z_Related_Other_CEMEX_Mines/Larimer_Quarry_M1977341/Reports/1998-09-09_REPORT - M1977341.pdf,"1 (form), 2 (narrative)","Form: ""dates extraction ceased: N/A""; acres to be affected next year: 0; temporary cessation line unmarked in scan. Quote p2: ""Reclamation is complete for the Parrish Quarry."" Permitted 195 ac. Fee $550."
M-1977-341 Larimer County (Parrish) Quarry,Southdown,1998-99,1999-09-13,MISSING (no tonnage field in report),,0 new (no mining),,,,,1999-09-13_REPORT - M1977341.pdf,Z_Related_Other_CEMEX_Mines/Larimer_Quarry_M1977341/Reports/1999-09-13_REPORT - M1977341.pdf,3,"Quote: ""Reclamation is complete for the Parrish Quarry... have not been released from bond to date."""
M-1977-341 Larimer County (Parrish) Quarry,Southdown,1999-2000,2000-09-11,MISSING (no tonnage field in report),,0 new (no mining),,,,,2000-09-11_REPORT - M1977341.pdf,Z_Related_Other_CEMEX_Mines/Larimer_Quarry_M1977341/Reports/2000-09-11_REPORT - M1977341.pdf,4,"Quote: ""Reclamation is complete for the Parrish Quarry... have not been released from bond to date."""
M-1977-341 Larimer County (Parrish) Quarry,Southdown,2000-01,2001-09-07,MISSING (no tonnage field in report),,0 new (no mining),,,,,2001-09-07_REPORT - M1977341.pdf,Z_Related_Other_CEMEX_Mines/Larimer_Quarry_M1977341/Reports/2001-09-07_REPORT - M1977341.pdf,2,"Quote: ""Reclamation is complete for the Parrish Quarry... have not been released from bond to date."""
M-1977-341 Larimer County (Parrish) Quarry,CEMEX,2001-02,2002-10-16,MISSING (no tonnage field in report),,0 new (no mining),,,,,2002-10-16_REPORT - M1977341.pdf,Z_Related_Other_CEMEX_Mines/Larimer_Quarry_M1977341/Reports/2002-10-16_REPORT - M1977341.pdf,2,"Operator now CEMEX (permit transferred 8/17/2001); Quote: ""Reclamation is complete for the Parrish Quarry... have not been released from bond to date."""
M-1977-341 Larimer County (Parrish) Quarry,CEMEX,2002-03,2003-09-05,MISSING (no tonnage field in report),,0 new (no mining),,,,,2003-09-05_REPORT - M1977341.pdf,Z_Related_Other_CEMEX_Mines/Larimer_Quarry_M1977341/Reports/2003-09-05_REPORT - M1977341.pdf,4,"Quote: ""We will begin the process to release the property from bonding."""
M-1977-341 Larimer County (Parrish) Quarry,CEMEX,2003-04,2004-09-02,MISSING (no tonnage field in report),,0 new (no mining),,,,,2004-09-02_REPORT - M1977341.pdf,Z_Related_Other_CEMEX_Mines/Larimer_Quarry_M1977341/Reports/2004-09-02_REPORT - M1977341.pdf,6,"Quote: ""The Parrish Quarry is in the process of bond release. The final evaluation of the reclamation for the bond release is scheduled September 1st, 2004."""
M-1977-341 Larimer County (Parrish) Quarry,CEMEX,2004-05,2005-09-30,MISSING (no tonnage field in report),,0 new (no mining),,,,,2005-09-30_REPORT - M1977341.pdf,Z_Related_Other_CEMEX_Mines/Larimer_Quarry_M1977341/Reports/2005-09-30_REPORT - M1977341.pdf,3,"Quote: ""The final five acres that have yet to be bond released are continuing to grow. It is anticipated that an application for the final bond release will occur in the next year."" Fee $688."
M-1977-341 Larimer County (Parrish) Quarry,CEMEX,2005-06,2006-09-05/2006-09-27,MISSING (no tonnage field in report),,0 new (no mining),,,,,2006-09-27_REPORT - M1977341.pdf,Z_Related_Other_CEMEX_Mines/Larimer_Quarry_M1977341/Reports/2006-09-27_REPORT - M1977341.pdf,-,Only fee request forms/receipts (and a cover letter) for M-1977-341 in the DRMS file reviewed; narrative not found (2006-09-27 file contains Dowe Flats narrative). Fee $688.
M-1977-341 Larimer County (Parrish) Quarry,CEMEX,2006-07,2007-09-17,MISSING (no tonnage field in report),,0 new (no mining),,,,,2007-09-17_REPORT - M1977341.pdf,Z_Related_Other_CEMEX_Mines/Larimer_Quarry_M1977341/Reports/2007-09-17_REPORT - M1977341.pdf,2,"Quote: ""The Parrish Quarry has started the bond release process, and we hope to have the bond released by the end of calander year 2007."" Fee $791."
M-1977-341 Larimer County (Parrish) Quarry,CEMEX,2007-08,2008-06-18 (release decision),n/a - released,,,,,,28000 released,2008-07-18_REVISION - M1977341.pdf,Z_Related_Other_CEMEX_Mines/Larimer_Quarry_M1977341/Revisions/2008-07-18_REVISION - M1977341.pdf,1,"Quote: ""on June 18, 2008 the Division of Reclamation, Mining and Safety released CEMEX, Inc. from further responsibility for the Larimer County Quarry. Enclosed is the Travelers Casualty and Surety Co of America Corporate Surety Bond No. 61S103631722, in the amount of $28,000"" (amount read from the scan). Full release inspected 6/13/2008 (file 2008-06-17_INSPECTION - M1977341.pdf). Permit file closed."
"M-1977-341 (LIFETIME statement, not annual)",,1978-mid-1990s cumulative,2002-12-06 inspection,"~250,000 (cumulative, approximate, DMG estimate)",limestone,,,,,,_INSPECTION - M1977341 (2).pdf,Z_Related_Other_CEMEX_Mines/Larimer_Quarry_M1977341/Inspections/_INSPECTION - M1977341 (2).pdf,2,"Quote: ""Approximately 250,000 tons of limestone has been mined from the site. Mining and reclamation occurred concurrently until the mid-1990's."" ANOMALY: far below the 100,000 tons/yr plan (would imply ~2.5 yrs of planned output over ~19 yrs) and below what ~80+ reclaimed acres of 14-36 ft ore body would imply. Treat as unverified."
